dataset,epochs,way,train_shot,test_shot,x_dim,z_dim,optimizer,lr,initialization,channels,loss,trials,silent,split,in_alphabet,add_rotations,gpu,test_batch,full_test,accuracy,duration_sec
mnist,1,10,1,1,28,200,adam,0.01,xavier_normal,1,MSELoss(),50,True,test,False,True,0,2000,True,0.05043,33.70780611038208
mnist,1,10,1,1,28,200,adam,0.001,xavier_normal,1,MSELoss(),50,True,test,False,True,0,2000,True,0.27355,32.3613440990448
mnist,1,10,1,1,28,200,adadelta,0.01,xavier_normal,1,MSELoss(),50,True,test,False,True,0,2000,True,0.10260999999999999,32.69425177574158
mnist,1,10,1,1,28,200,adadelta,0.001,xavier_normal,1,MSELoss(),50,True,test,False,True,0,2000,True,0.0996,32.553020238876336
mnist,1,10,1,1,28,300,adam,0.01,xavier_normal,1,MSELoss(),50,True,test,False,True,0,2000,True,0.04533,32.928786993026726
mnist,1,10,1,1,28,300,adam,0.001,xavier_normal,1,MSELoss(),50,True,test,False,True,0,2000,True,0.30382800000000004,32.98249053955078
mnist,1,10,1,1,28,300,adadelta,0.01,xavier_normal,1,MSELoss(),50,True,test,False,True,0,2000,True,0.108014,33.00027322769165
mnist,1,10,1,1,28,300,adadelta,0.001,xavier_normal,1,MSELoss(),50,True,test,False,True,0,2000,True,0.10524399999999998,33.129027366638184
mnist,1,10,1,1,28,500,adam,0.01,xavier_normal,1,MSELoss(),50,True,test,False,True,0,2000,True,0.044302,33.868592977523804
mnist,1,10,1,1,28,500,adam,0.001,xavier_normal,1,MSELoss(),50,True,test,False,True,0,2000,True,0.335828,33.53992414474487
mnist,1,10,1,1,28,500,adadelta,0.01,xavier_normal,1,MSELoss(),50,True,test,False,True,0,2000,True,0.10452200000000003,33.627446174621575
mnist,1,10,1,1,28,500,adadelta,0.001,xavier_normal,1,MSELoss(),50,True,test,False,True,0,2000,True,0.10189,33.618916511535645
mnist,1,10,1,1,28,600,adam,0.01,xavier_normal,1,MSELoss(),50,True,test,False,True,0,2000,True,0.041598,34.13034439086914
mnist,1,10,1,1,28,600,adam,0.001,xavier_normal,1,MSELoss(),50,True,test,False,True,0,2000,True,0.3440860000000001,33.893087148666375
mnist,1,10,1,1,28,600,adadelta,0.01,xavier_normal,1,MSELoss(),50,True,test,False,True,0,2000,True,0.10041799999999998,34.087077856063836
mnist,1,10,1,1,28,600,adadelta,0.001,xavier_normal,1,MSELoss(),50,True,test,False,True,0,2000,True,0.097984,34.235180139541626
mnist,1,10,1,1,28,784,adam,0.01,xavier_normal,1,MSELoss(),50,True,test,False,True,0,2000,True,0.037776,34.877189874649055
mnist,1,10,1,1,28,784,adam,0.001,xavier_normal,1,MSELoss(),50,True,test,False,True,0,2000,True,0.361396,34.72698712348938
mnist,1,10,1,1,28,784,adadelta,0.01,xavier_normal,1,MSELoss(),50,True,test,False,True,0,2000,True,0.10699200000000003,34.6015944480896
mnist,1,10,1,1,28,784,adadelta,0.001,xavier_normal,1,MSELoss(),50,True,test,False,True,0,2000,True,0.104746,34.842801332473755
mnist,1,10,1,1,28,1000,adam,0.01,xavier_normal,1,MSELoss(),50,True,test,False,True,0,2000,True,0.03766,35.513873100280755
mnist,1,10,1,1,28,1000,adam,0.001,xavier_normal,1,MSELoss(),50,True,test,False,True,0,2000,True,0.367182,35.600651502609246
mnist,1,10,1,1,28,1000,adadelta,0.01,xavier_normal,1,MSELoss(),50,True,test,False,True,0,2000,True,0.102064,35.67579579353333
mnist,1,10,1,1,28,1000,adadelta,0.001,xavier_normal,1,MSELoss(),50,True,test,False,True,0,2000,True,0.10003199999999997,35.68258953094483
mnist,1,10,1,1,28,2000,adam,0.01,xavier_normal,1,MSELoss(),50,True,test,False,True,0,2000,True,0.03337999999999998,39.66399383544922
mnist,1,10,1,1,28,2000,adam,0.001,xavier_normal,1,MSELoss(),50,True,test,False,True,0,2000,True,0.387058,39.885099172592156
mnist,1,10,1,1,28,2000,adadelta,0.01,xavier_normal,1,MSELoss(),50,True,test,False,True,0,2000,True,0.094546,39.70275497436523
mnist,1,10,1,1,28,2000,adadelta,0.001,xavier_normal,1,MSELoss(),50,True,test,False,True,0,2000,True,0.09332200000000004,39.72334599494935
mnist,1,10,5,1,28,200,adam,0.01,xavier_normal,1,MSELoss(),50,True,test,False,True,0,2000,True,0.145488,33.498709201812744
mnist,1,10,5,1,28,200,adam,0.001,xavier_normal,1,MSELoss(),50,True,test,False,True,0,2000,True,0.6009220000000001,33.48263025283813
mnist,1,10,5,1,28,200,adadelta,0.01,xavier_normal,1,MSELoss(),50,True,test,False,True,0,2000,True,0.116072,33.37249636650085
mnist,1,10,5,1,28,200,adadelta,0.001,xavier_normal,1,MSELoss(),50,True,test,False,True,0,2000,True,0.10093,33.34531664848328
mnist,1,10,5,1,28,300,adam,0.01,xavier_normal,1,MSELoss(),50,True,test,False,True,0,2000,True,0.13916599999999998,33.723905563354485
mnist,1,10,5,1,28,300,adam,0.001,xavier_normal,1,MSELoss(),50,True,test,False,True,0,2000,True,0.62939,33.717116832733154
mnist,1,10,5,1,28,300,adadelta,0.01,xavier_normal,1,MSELoss(),50,True,test,False,True,0,2000,True,0.12202200000000002,34.169073343276985
mnist,1,10,5,1,28,300,adadelta,0.001,xavier_normal,1,MSELoss(),50,True,test,False,True,0,2000,True,0.106468,34.18189263343811
mnist,1,10,5,1,28,500,adam,0.01,xavier_normal,1,MSELoss(),50,True,test,False,True,0,2000,True,0.13049000000000002,34.816361665725715
mnist,1,10,5,1,28,500,adam,0.001,xavier_normal,1,MSELoss(),50,True,test,False,True,0,2000,True,0.6461959999999999,34.49084806442261
mnist,1,10,5,1,28,500,adadelta,0.01,xavier_normal,1,MSELoss(),50,True,test,False,True,0,2000,True,0.117402,34.96503305435181
mnist,1,10,5,1,28,500,adadelta,0.001,xavier_normal,1,MSELoss(),50,True,test,False,True,0,2000,True,0.103052,35.04895067214966
mnist,1,10,5,1,28,600,adam,0.01,xavier_normal,1,MSELoss(),50,True,test,False,True,0,2000,True,0.12648,35.13712310791016
mnist,1,10,5,1,28,600,adam,0.001,xavier_normal,1,MSELoss(),50,True,test,False,True,0,2000,True,0.6510560000000001,35.165726900100715
mnist,1,10,5,1,28,600,adadelta,0.01,xavier_normal,1,MSELoss(),50,True,test,False,True,0,2000,True,0.112822,34.93428373336792
mnist,1,10,5,1,28,600,adadelta,0.001,xavier_normal,1,MSELoss(),50,True,test,False,True,0,2000,True,0.099246,34.875367879867554
mnist,1,10,5,1,28,784,adam,0.01,xavier_normal,1,MSELoss(),50,True,test,False,True,0,2000,True,0.11891200000000005,35.665087461471565
mnist,1,10,5,1,28,784,adam,0.001,xavier_normal,1,MSELoss(),50,True,test,False,True,0,2000,True,0.659782,35.85401487350464
mnist,1,10,5,1,28,784,adadelta,0.01,xavier_normal,1,MSELoss(),50,True,test,False,True,0,2000,True,0.117502,36.086760759353645
mnist,1,10,5,1,28,784,adadelta,0.001,xavier_normal,1,MSELoss(),50,True,test,False,True,0,2000,True,0.10566,35.7912163734436
mnist,1,10,5,1,28,1000,adam,0.01,xavier_normal,1,MSELoss(),50,True,test,False,True,0,2000,True,0.112648,36.4097752571106
mnist,1,10,5,1,28,1000,adam,0.001,xavier_normal,1,MSELoss(),50,True,test,False,True,0,2000,True,0.6660119999999999,36.42928791046143
mnist,1,10,5,1,28,1000,adadelta,0.01,xavier_normal,1,MSELoss(),50,True,test,False,True,0,2000,True,0.11122,36.701162576675415
mnist,1,10,5,1,28,1000,adadelta,0.001,xavier_normal,1,MSELoss(),50,True,test,False,True,0,2000,True,0.10091999999999997,36.659458875656135
mnist,1,10,5,1,28,2000,adam,0.01,xavier_normal,1,MSELoss(),50,True,test,False,True,0,2000,True,0.09559400000000004,41.248326301574714
mnist,1,10,5,1,28,2000,adam,0.001,xavier_normal,1,MSELoss(),50,True,test,False,True,0,2000,True,0.6775639999999999,41.36553597450256
mnist,1,10,5,1,28,2000,adadelta,0.01,xavier_normal,1,MSELoss(),50,True,test,False,True,0,2000,True,0.10070599999999999,41.67216801643372
mnist,1,10,5,1,28,2000,adadelta,0.001,xavier_normal,1,MSELoss(),50,True,test,False,True,0,2000,True,0.093982,41.646677732467644
mnist,1,10,10,1,28,200,adam,0.01,xavier_normal,1,MSELoss(),50,True,test,False,True,0,2000,True,0.17082000000000006,34.77072024345398
mnist,1,10,10,1,28,200,adam,0.001,xavier_normal,1,MSELoss(),50,True,test,False,True,0,2000,True,0.726254,34.81438660621643
mnist,1,10,10,1,28,200,adadelta,0.01,xavier_normal,1,MSELoss(),50,True,test,False,True,0,2000,True,0.134482,35.203333854675286
mnist,1,10,10,1,28,200,adadelta,0.001,xavier_normal,1,MSELoss(),50,True,test,False,True,0,2000,True,0.10253000000000002,35.18332862854004
mnist,1,10,10,1,28,300,adam,0.01,xavier_normal,1,MSELoss(),50,True,test,False,True,0,2000,True,0.16989,35.0388765335083
mnist,1,10,10,1,28,300,adam,0.001,xavier_normal,1,MSELoss(),50,True,test,False,True,0,2000,True,0.7393060000000001,34.96361494064331
mnist,1,10,10,1,28,300,adadelta,0.01,xavier_normal,1,MSELoss(),50,True,test,False,True,0,2000,True,0.14166800000000002,35.27944350242615
mnist,1,10,10,1,28,300,adadelta,0.001,xavier_normal,1,MSELoss(),50,True,test,False,True,0,2000,True,0.108136,35.65152955055237
mnist,1,10,10,1,28,500,adam,0.01,xavier_normal,1,MSELoss(),50,True,test,False,True,0,2000,True,0.16095399999999999,36.13855314254761
mnist,1,10,10,1,28,500,adam,0.001,xavier_normal,1,MSELoss(),50,True,test,False,True,0,2000,True,0.750084,36.17374491691589
mnist,1,10,10,1,28,500,adadelta,0.01,xavier_normal,1,MSELoss(),50,True,test,False,True,0,2000,True,0.13481400000000002,36.49614834785461
mnist,1,10,10,1,28,500,adadelta,0.001,xavier_normal,1,MSELoss(),50,True,test,False,True,0,2000,True,0.10457,36.31313586235047
mnist,1,10,10,1,28,600,adam,0.01,xavier_normal,1,MSELoss(),50,True,test,False,True,0,2000,True,0.15805999999999998,36.49578475952149
mnist,1,10,10,1,28,600,adam,0.001,xavier_normal,1,MSELoss(),50,True,test,False,True,0,2000,True,0.754256,36.47197890281677
mnist,1,10,10,1,28,600,adadelta,0.01,xavier_normal,1,MSELoss(),50,True,test,False,True,0,2000,True,0.12924799999999995,36.963505744934075
mnist,1,10,10,1,28,600,adadelta,0.001,xavier_normal,1,MSELoss(),50,True,test,False,True,0,2000,True,0.10070599999999999,36.782135009765625
mnist,1,10,10,1,28,784,adam,0.01,xavier_normal,1,MSELoss(),50,True,test,False,True,0,2000,True,0.152296,37.20882153511048
mnist,1,10,10,1,28,784,adam,0.001,xavier_normal,1,MSELoss(),50,True,test,False,True,0,2000,True,0.7516160000000002,37.17179870605469
mnist,1,10,10,1,28,784,adadelta,0.01,xavier_normal,1,MSELoss(),50,True,test,False,True,0,2000,True,0.13310800000000006,37.44366669654846
mnist,1,10,10,1,28,784,adadelta,0.001,xavier_normal,1,MSELoss(),50,True,test,False,True,0,2000,True,0.10704999999999998,37.41082787513733
mnist,1,10,10,1,28,1000,adam,0.01,xavier_normal,1,MSELoss(),50,True,test,False,True,0,2000,True,0.146754,37.81503891944885
mnist,1,10,10,1,28,1000,adam,0.001,xavier_normal,1,MSELoss(),50,True,test,False,True,0,2000,True,0.7535720000000002,37.810799598693855
mnist,1,10,10,1,28,1000,adadelta,0.01,xavier_normal,1,MSELoss(),50,True,test,False,True,0,2000,True,0.12443599999999999,38.25924682617188
mnist,1,10,10,1,28,1000,adadelta,0.001,xavier_normal,1,MSELoss(),50,True,test,False,True,0,2000,True,0.101962,38.3203980922699
mnist,1,10,10,1,28,2000,adam,0.01,xavier_normal,1,MSELoss(),50,True,test,False,True,0,2000,True,0.13273800000000002,42.81102252006532
mnist,1,10,10,1,28,2000,adam,0.001,xavier_normal,1,MSELoss(),50,True,test,False,True,0,2000,True,0.7414639999999999,42.818286418914795
mnist,1,10,10,1,28,2000,adadelta,0.01,xavier_normal,1,MSELoss(),50,True,test,False,True,0,2000,True,0.10893,43.396580457687385
mnist,1,10,10,1,28,2000,adadelta,0.001,xavier_normal,1,MSELoss(),50,True,test,False,True,0,2000,True,0.094734,43.52290916442871
mnist,2,10,1,1,28,200,adam,0.01,xavier_normal,1,MSELoss(),50,True,test,False,True,0,2000,True,0.125274,32.864888906478875
mnist,2,10,1,1,28,200,adam,0.001,xavier_normal,1,MSELoss(),50,True,test,False,True,0,2000,True,0.363392,32.68487620353699
mnist,2,10,1,1,28,200,adadelta,0.01,xavier_normal,1,MSELoss(),50,True,test,False,True,0,2000,True,0.106102,32.98914194107056
mnist,2,10,1,1,28,200,adadelta,0.001,xavier_normal,1,MSELoss(),50,True,test,False,True,0,2000,True,0.099924,32.9463095664978
mnist,2,10,1,1,28,300,adam,0.01,xavier_normal,1,MSELoss(),50,True,test,False,True,0,2000,True,0.129438,33.381300687789924
mnist,2,10,1,1,28,300,adam,0.001,xavier_normal,1,MSELoss(),50,True,test,False,True,0,2000,True,0.384336,33.31876349449158
mnist,2,10,1,1,28,300,adadelta,0.01,xavier_normal,1,MSELoss(),50,True,test,False,True,0,2000,True,0.11172,33.46895337104797
mnist,2,10,1,1,28,300,adadelta,0.001,xavier_normal,1,MSELoss(),50,True,test,False,True,0,2000,True,0.10551000000000002,33.424697637557976
mnist,2,10,1,1,28,500,adam,0.01,xavier_normal,1,MSELoss(),50,True,test,False,True,0,2000,True,0.11025,34.10903882980347
mnist,2,10,1,1,28,500,adam,0.001,xavier_normal,1,MSELoss(),50,True,test,False,True,0,2000,True,0.39794,34.17459440231323
mnist,2,10,1,1,28,500,adadelta,0.01,xavier_normal,1,MSELoss(),50,True,test,False,True,0,2000,True,0.10806800000000001,34.11700844764709
mnist,2,10,1,1,28,500,adadelta,0.001,xavier_normal,1,MSELoss(),50,True,test,False,True,0,2000,True,0.102262,34.2707097530365
mnist,2,10,1,1,28,600,adam,0.01,xavier_normal,1,MSELoss(),50,True,test,False,True,0,2000,True,0.10748399999999997,34.406340837478645
mnist,2,10,1,1,28,600,adam,0.001,xavier_normal,1,MSELoss(),50,True,test,False,True,0,2000,True,0.402082,34.54991865158081
mnist,2,10,1,1,28,600,adadelta,0.01,xavier_normal,1,MSELoss(),50,True,test,False,True,0,2000,True,0.10418399999999996,34.565788507461555
mnist,2,10,1,1,28,600,adadelta,0.001,xavier_normal,1,MSELoss(),50,True,test,False,True,0,2000,True,0.09840399999999999,34.58773374557495
mnist,2,10,1,1,28,784,adam,0.01,xavier_normal,1,MSELoss(),50,True,test,False,True,0,2000,True,0.099242,35.316696405410774
mnist,2,10,1,1,28,784,adam,0.001,xavier_normal,1,MSELoss(),50,True,test,False,True,0,2000,True,0.407778,35.320298671722405
mnist,2,10,1,1,28,784,adadelta,0.01,xavier_normal,1,MSELoss(),50,True,test,False,True,0,2000,True,0.1096,35.247623682022095
mnist,2,10,1,1,28,784,adadelta,0.001,xavier_normal,1,MSELoss(),50,True,test,False,True,0,2000,True,0.104918,35.28029012680054
mnist,2,10,1,1,28,1000,adam,0.01,xavier_normal,1,MSELoss(),50,True,test,False,True,0,2000,True,0.087158,36.097058296203606
mnist,2,10,1,1,28,1000,adam,0.001,xavier_normal,1,MSELoss(),50,True,test,False,True,0,2000,True,0.415024,36.00930595397949
mnist,2,10,1,1,28,1000,adadelta,0.01,xavier_normal,1,MSELoss(),50,True,test,False,True,0,2000,True,0.104402,36.2495174407959
mnist,2,10,1,1,28,1000,adadelta,0.001,xavier_normal,1,MSELoss(),50,True,test,False,True,0,2000,True,0.100272,36.12927126884461
mnist,2,10,1,1,28,2000,adam,0.01,xavier_normal,1,MSELoss(),50,True,test,False,True,0,2000,True,0.064524,40.31161642074585
mnist,2,10,1,1,28,2000,adam,0.001,xavier_normal,1,MSELoss(),50,True,test,False,True,0,2000,True,0.423018,40.26173996925354
mnist,2,10,1,1,28,2000,adadelta,0.01,xavier_normal,1,MSELoss(),50,True,test,False,True,0,2000,True,0.096254,40.56831312179565
mnist,2,10,1,1,28,2000,adadelta,0.001,xavier_normal,1,MSELoss(),50,True,test,False,True,0,2000,True,0.093538,40.53461813926697
mnist,2,10,5,1,28,200,adam,0.01,xavier_normal,1,MSELoss(),50,True,test,False,True,0,2000,True,0.17428599999999994,34.576542139053345
mnist,2,10,5,1,28,200,adam,0.001,xavier_normal,1,MSELoss(),50,True,test,False,True,0,2000,True,0.6491680000000001,34.52664303779602
mnist,2,10,5,1,28,200,adadelta,0.01,xavier_normal,1,MSELoss(),50,True,test,False,True,0,2000,True,0.133204,35.107020378112786
mnist,2,10,5,1,28,200,adadelta,0.001,xavier_normal,1,MSELoss(),50,True,test,False,True,0,2000,True,0.102476,34.79581904411316
mnist,2,10,5,1,28,300,adam,0.01,xavier_normal,1,MSELoss(),50,True,test,False,True,0,2000,True,0.168786,34.91777443885803
mnist,2,10,5,1,28,300,adam,0.001,xavier_normal,1,MSELoss(),50,True,test,False,True,0,2000,True,0.6623899999999999,34.98484468460083
mnist,2,10,5,1,28,300,adadelta,0.01,xavier_normal,1,MSELoss(),50,True,test,False,True,0,2000,True,0.14070799999999994,35.74762654304505
mnist,2,10,5,1,28,300,adadelta,0.001,xavier_normal,1,MSELoss(),50,True,test,False,True,0,2000,True,0.10799400000000002,35.676310062408454
mnist,2,10,5,1,28,500,adam,0.01,xavier_normal,1,MSELoss(),50,True,test,False,True,0,2000,True,0.16161199999999998,36.145469665527344
mnist,2,10,5,1,28,500,adam,0.001,xavier_normal,1,MSELoss(),50,True,test,False,True,0,2000,True,0.67391,36.12019896507263
mnist,2,10,5,1,28,500,adadelta,0.01,xavier_normal,1,MSELoss(),50,True,test,False,True,0,2000,True,0.13391999999999998,36.56019997596741
mnist,2,10,5,1,28,500,adadelta,0.001,xavier_normal,1,MSELoss(),50,True,test,False,True,0,2000,True,0.104432,36.511506080627434
mnist,2,10,5,1,28,600,adam,0.01,xavier_normal,1,MSELoss(),50,True,test,False,True,0,2000,True,0.15724200000000002,36.52059006690979
mnist,2,10,5,1,28,600,adam,0.001,xavier_normal,1,MSELoss(),50,True,test,False,True,0,2000,True,0.675994,36.44485974311829
mnist,2,10,5,1,28,600,adadelta,0.01,xavier_normal,1,MSELoss(),50,True,test,False,True,0,2000,True,0.12842,36.799670696258545
mnist,2,10,5,1,28,600,adadelta,0.001,xavier_normal,1,MSELoss(),50,True,test,False,True,0,2000,True,0.100582,36.85251927375794
mnist,2,10,5,1,28,784,adam,0.01,xavier_normal,1,MSELoss(),50,True,test,False,True,0,2000,True,0.14995999999999998,37.110163688659675
mnist,2,10,5,1,28,784,adam,0.001,xavier_normal,1,MSELoss(),50,True,test,False,True,0,2000,True,0.6765939999999999,37.100855827331536
mnist,2,10,5,1,28,784,adadelta,0.01,xavier_normal,1,MSELoss(),50,True,test,False,True,0,2000,True,0.13201200000000002,37.43056845664978
mnist,2,10,5,1,28,784,adadelta,0.001,xavier_normal,1,MSELoss(),50,True,test,False,True,0,2000,True,0.10689000000000001,37.12890648841858
mnist,2,10,5,1,28,1000,adam,0.01,xavier_normal,1,MSELoss(),50,True,test,False,True,0,2000,True,0.14439200000000002,37.82610440254211
mnist,2,10,5,1,28,1000,adam,0.001,xavier_normal,1,MSELoss(),50,True,test,False,True,0,2000,True,0.6800579999999999,37.7478404045105
mnist,2,10,5,1,28,1000,adadelta,0.01,xavier_normal,1,MSELoss(),50,True,test,False,True,0,2000,True,0.12414799999999998,38.32732081413268
mnist,2,10,5,1,28,1000,adadelta,0.001,xavier_normal,1,MSELoss(),50,True,test,False,True,0,2000,True,0.101924,38.31731653213501
mnist,2,10,5,1,28,2000,adam,0.01,xavier_normal,1,MSELoss(),50,True,test,False,True,0,2000,True,0.12803599999999998,42.81923365592957
mnist,2,10,5,1,28,2000,adam,0.001,xavier_normal,1,MSELoss(),50,True,test,False,True,0,2000,True,0.6787880000000001,42.85718965530396
mnist,2,10,5,1,28,2000,adadelta,0.01,xavier_normal,1,MSELoss(),50,True,test,False,True,0,2000,True,0.10857,43.16770887374878
mnist,2,10,5,1,28,2000,adadelta,0.001,xavier_normal,1,MSELoss(),50,True,test,False,True,0,2000,True,0.094658,43.39901757240296
mnist,2,10,10,1,28,200,adam,0.01,xavier_normal,1,MSELoss(),50,True,test,False,True,0,2000,True,0.171916,37.18828988075256
mnist,2,10,10,1,28,200,adam,0.001,xavier_normal,1,MSELoss(),50,True,test,False,True,0,2000,True,0.7524640000000001,36.87321400642396
mnist,2,10,10,1,28,200,adadelta,0.01,xavier_normal,1,MSELoss(),50,True,test,False,True,0,2000,True,0.17493599999999998,37.59831953048706
mnist,2,10,10,1,28,200,adadelta,0.001,xavier_normal,1,MSELoss(),50,True,test,False,True,0,2000,True,0.105704,37.71930694580078
mnist,2,10,10,1,28,300,adam,0.01,xavier_normal,1,MSELoss(),50,True,test,False,True,0,2000,True,0.163848,37.47946166992188
mnist,2,10,10,1,28,300,adam,0.001,xavier_normal,1,MSELoss(),50,True,test,False,True,0,2000,True,0.7629719999999999,37.776484489440925
mnist,2,10,10,1,28,300,adadelta,0.01,xavier_normal,1,MSELoss(),50,True,test,False,True,0,2000,True,0.18521400000000002,38.6161322593689
mnist,2,10,10,1,28,300,adadelta,0.001,xavier_normal,1,MSELoss(),50,True,test,False,True,0,2000,True,0.11159,38.64546990394592
mnist,2,10,10,1,28,500,adam,0.01,xavier_normal,1,MSELoss(),50,True,test,False,True,0,2000,True,0.15322399999999994,38.71755814552307
mnist,2,10,10,1,28,500,adam,0.001,xavier_normal,1,MSELoss(),50,True,test,False,True,0,2000,True,0.7756120000000002,38.74883270263672
mnist,2,10,10,1,28,500,adadelta,0.01,xavier_normal,1,MSELoss(),50,True,test,False,True,0,2000,True,0.17503800000000005,39.257320165634155
mnist,2,10,10,1,28,500,adadelta,0.001,xavier_normal,1,MSELoss(),50,True,test,False,True,0,2000,True,0.10747799999999998,39.25961685180664
mnist,2,10,10,1,28,600,adam,0.01,xavier_normal,1,MSELoss(),50,True,test,False,True,0,2000,True,0.148586,38.7284836769104
mnist,2,10,10,1,28,600,adam,0.001,xavier_normal,1,MSELoss(),50,True,test,False,True,0,2000,True,0.7796119999999999,39.08377027511597
mnist,2,10,10,1,28,600,adadelta,0.01,xavier_normal,1,MSELoss(),50,True,test,False,True,0,2000,True,0.16698400000000002,39.751284837722785
mnist,2,10,10,1,28,600,adadelta,0.001,xavier_normal,1,MSELoss(),50,True,test,False,True,0,2000,True,0.10350799999999998,39.64549493789673
mnist,2,10,10,1,28,784,adam,0.01,xavier_normal,1,MSELoss(),50,True,test,False,True,0,2000,True,0.14263,39.80168890953064
mnist,2,10,10,1,28,784,adam,0.001,xavier_normal,1,MSELoss(),50,True,test,False,True,0,2000,True,0.7832060000000001,39.754742860794074
mnist,2,10,10,1,28,784,adadelta,0.01,xavier_normal,1,MSELoss(),50,True,test,False,True,0,2000,True,0.165994,40.36785078048706
mnist,2,10,10,1,28,784,adadelta,0.001,xavier_normal,1,MSELoss(),50,True,test,False,True,0,2000,True,0.10973399999999996,40.17039895057678
mnist,2,10,10,1,28,1000,adam,0.01,xavier_normal,1,MSELoss(),50,True,test,False,True,0,2000,True,0.13593,40.62137770652771
mnist,2,10,10,1,28,1000,adam,0.001,xavier_normal,1,MSELoss(),50,True,test,False,True,0,2000,True,0.7865300000000001,40.804669380187995
mnist,2,10,10,1,28,1000,adadelta,0.01,xavier_normal,1,MSELoss(),50,True,test,False,True,0,2000,True,0.15358,41.430772066116326
mnist,2,10,10,1,28,1000,adadelta,0.001,xavier_normal,1,MSELoss(),50,True,test,False,True,0,2000,True,0.104244,41.32968163490296
mnist,2,10,10,1,28,2000,adam,0.01,xavier_normal,1,MSELoss(),50,True,test,False,True,0,2000,True,0.119316,45.85969018936157
mnist,2,10,10,1,28,2000,adam,0.001,xavier_normal,1,MSELoss(),50,True,test,False,True,0,2000,True,0.792284,46.279585123062134
mnist,2,10,10,1,28,2000,adadelta,0.01,xavier_normal,1,MSELoss(),50,True,test,False,True,0,2000,True,0.12593800000000002,47.72997164726257
mnist,2,10,10,1,28,2000,adadelta,0.001,xavier_normal,1,MSELoss(),50,True,test,False,True,0,2000,True,0.096116,47.486424684524536
mnist,3,10,1,1,28,200,adam,0.01,xavier_normal,1,MSELoss(),50,True,test,False,True,0,2000,True,0.153506,33.34786462783813
mnist,3,10,1,1,28,200,adam,0.001,xavier_normal,1,MSELoss(),50,True,test,False,True,0,2000,True,0.388726,33.34895706176758
mnist,3,10,1,1,28,200,adadelta,0.01,xavier_normal,1,MSELoss(),50,True,test,False,True,0,2000,True,0.10929399999999996,33.61633825302124
mnist,3,10,1,1,28,200,adadelta,0.001,xavier_normal,1,MSELoss(),50,True,test,False,True,0,2000,True,0.100258,33.7721586227417
mnist,3,10,1,1,28,300,adam,0.01,xavier_normal,1,MSELoss(),50,True,test,False,True,0,2000,True,0.16016599999999998,33.858021974563606
mnist,3,10,1,1,28,300,adam,0.001,xavier_normal,1,MSELoss(),50,True,test,False,True,0,2000,True,0.402886,33.88542366027832
mnist,3,10,1,1,28,300,adadelta,0.01,xavier_normal,1,MSELoss(),50,True,test,False,True,0,2000,True,0.11490999999999996,34.01891303062439
mnist,3,10,1,1,28,300,adadelta,0.001,xavier_normal,1,MSELoss(),50,True,test,False,True,0,2000,True,0.105814,33.89042806625366
mnist,3,10,1,1,28,500,adam,0.01,xavier_normal,1,MSELoss(),50,True,test,False,True,0,2000,True,0.13957599999999998,34.65288209915161
mnist,3,10,1,1,28,500,adam,0.001,xavier_normal,1,MSELoss(),50,True,test,False,True,0,2000,True,0.4141260000000001,34.49407625198364
mnist,3,10,1,1,28,500,adadelta,0.01,xavier_normal,1,MSELoss(),50,True,test,False,True,0,2000,True,0.111382,34.63047313690185
mnist,3,10,1,1,28,500,adadelta,0.001,xavier_normal,1,MSELoss(),50,True,test,False,True,0,2000,True,0.102528,34.666054010391235
mnist,3,10,1,1,28,600,adam,0.01,xavier_normal,1,MSELoss(),50,True,test,False,True,0,2000,True,0.128316,34.825278282165534
mnist,3,10,1,1,28,600,adam,0.001,xavier_normal,1,MSELoss(),50,True,test,False,True,0,2000,True,0.4175680000000001,34.776601552963264
mnist,3,10,1,1,28,600,adadelta,0.01,xavier_normal,1,MSELoss(),50,True,test,False,True,0,2000,True,0.107564,34.95830655097961
mnist,3,10,1,1,28,600,adadelta,0.001,xavier_normal,1,MSELoss(),50,True,test,False,True,0,2000,True,0.09873,34.91945219039917
mnist,3,10,1,1,28,784,adam,0.01,xavier_normal,1,MSELoss(),50,True,test,False,True,0,2000,True,0.11985599999999998,35.68263173103333
mnist,3,10,1,1,28,784,adam,0.001,xavier_normal,1,MSELoss(),50,True,test,False,True,0,2000,True,0.422646,35.595328569412224
mnist,3,10,1,1,28,784,adadelta,0.01,xavier_normal,1,MSELoss(),50,True,test,False,True,0,2000,True,0.112526,35.68289136886597
mnist,3,10,1,1,28,784,adadelta,0.001,xavier_normal,1,MSELoss(),50,True,test,False,True,0,2000,True,0.10516600000000001,35.63034343719483
mnist,3,10,1,1,28,1000,adam,0.01,xavier_normal,1,MSELoss(),50,True,test,False,True,0,2000,True,0.10151,36.46200323104858
mnist,3,10,1,1,28,1000,adam,0.001,xavier_normal,1,MSELoss(),50,True,test,False,True,0,2000,True,0.4266680000000001,36.54363059997559
mnist,3,10,1,1,28,1000,adadelta,0.01,xavier_normal,1,MSELoss(),50,True,test,False,True,0,2000,True,0.106564,36.617619514465325
mnist,3,10,1,1,28,1000,adadelta,0.001,xavier_normal,1,MSELoss(),50,True,test,False,True,0,2000,True,0.100482,36.60701036453247
mnist,3,10,1,1,28,2000,adam,0.01,xavier_normal,1,MSELoss(),50,True,test,False,True,0,2000,True,0.070326,40.76921391487122
mnist,3,10,1,1,28,2000,adam,0.001,xavier_normal,1,MSELoss(),50,True,test,False,True,0,2000,True,0.432996,40.654593467712395
mnist,3,10,1,1,28,2000,adadelta,0.01,xavier_normal,1,MSELoss(),50,True,test,False,True,0,2000,True,0.097768,41.12172293663025
mnist,3,10,1,1,28,2000,adadelta,0.001,xavier_normal,1,MSELoss(),50,True,test,False,True,0,2000,True,0.09367799999999996,41.114233732223504
mnist,3,10,5,1,28,200,adam,0.01,xavier_normal,1,MSELoss(),50,True,test,False,True,0,2000,True,0.226702,36.25211715698242
mnist,3,10,5,1,28,200,adam,0.001,xavier_normal,1,MSELoss(),50,True,test,False,True,0,2000,True,0.6641360000000001,36.14438772201538
mnist,3,10,5,1,28,200,adadelta,0.01,xavier_normal,1,MSELoss(),50,True,test,False,True,0,2000,True,0.154356,36.8022403717041
mnist,3,10,5,1,28,200,adadelta,0.001,xavier_normal,1,MSELoss(),50,True,test,False,True,0,2000,True,0.104154,36.636553049087524
mnist,3,10,5,1,28,300,adam,0.01,xavier_normal,1,MSELoss(),50,True,test,False,True,0,2000,True,0.220408,36.254337310791016
mnist,3,10,5,1,28,300,adam,0.001,xavier_normal,1,MSELoss(),50,True,test,False,True,0,2000,True,0.6804279999999999,36.76302576065064
mnist,3,10,5,1,28,300,adadelta,0.01,xavier_normal,1,MSELoss(),50,True,test,False,True,0,2000,True,0.162856,37.139889478683465
mnist,3,10,5,1,28,300,adadelta,0.001,xavier_normal,1,MSELoss(),50,True,test,False,True,0,2000,True,0.10973399999999996,36.92804336547852
mnist,3,10,5,1,28,500,adam,0.01,xavier_normal,1,MSELoss(),50,True,test,False,True,0,2000,True,0.206694,37.11644005775453
mnist,3,10,5,1,28,500,adam,0.001,xavier_normal,1,MSELoss(),50,True,test,False,True,0,2000,True,0.690174,37.12077593803407
mnist,3,10,5,1,28,500,adadelta,0.01,xavier_normal,1,MSELoss(),50,True,test,False,True,0,2000,True,0.153746,37.787155389785774
mnist,3,10,5,1,28,500,adadelta,0.001,xavier_normal,1,MSELoss(),50,True,test,False,True,0,2000,True,0.105936,37.844477653503425
mnist,3,10,5,1,28,600,adam,0.01,xavier_normal,1,MSELoss(),50,True,test,False,True,0,2000,True,0.200328,37.47832989692689
mnist,3,10,5,1,28,600,adam,0.001,xavier_normal,1,MSELoss(),50,True,test,False,True,0,2000,True,0.693386,37.52449178695679
mnist,3,10,5,1,28,600,adadelta,0.01,xavier_normal,1,MSELoss(),50,True,test,False,True,0,2000,True,0.14835199999999998,38.17083096504211
mnist,3,10,5,1,28,600,adadelta,0.001,xavier_normal,1,MSELoss(),50,True,test,False,True,0,2000,True,0.10214399999999996,37.843182563781745
mnist,3,10,5,1,28,784,adam,0.01,xavier_normal,1,MSELoss(),50,True,test,False,True,0,2000,True,0.190206,38.307803153991706
mnist,3,10,5,1,28,784,adam,0.001,xavier_normal,1,MSELoss(),50,True,test,False,True,0,2000,True,0.6973779999999999,38.2817144393921
mnist,3,10,5,1,28,784,adadelta,0.01,xavier_normal,1,MSELoss(),50,True,test,False,True,0,2000,True,0.149108,38.606345176696784
mnist,3,10,5,1,28,784,adadelta,0.001,xavier_normal,1,MSELoss(),50,True,test,False,True,0,2000,True,0.10837,38.81664776802064
mnist,3,10,5,1,28,1000,adam,0.01,xavier_normal,1,MSELoss(),50,True,test,False,True,0,2000,True,0.182934,39.54039168357849
mnist,3,10,5,1,28,1000,adam,0.001,xavier_normal,1,MSELoss(),50,True,test,False,True,0,2000,True,0.7000900000000001,39.490029573440545
mnist,3,10,5,1,28,1000,adadelta,0.01,xavier_normal,1,MSELoss(),50,True,test,False,True,0,2000,True,0.138396,40.11504435539245
mnist,3,10,5,1,28,1000,adadelta,0.001,xavier_normal,1,MSELoss(),50,True,test,False,True,0,2000,True,0.10304400000000001,40.12588119506836
mnist,3,10,5,1,28,2000,adam,0.01,xavier_normal,1,MSELoss(),50,True,test,False,True,0,2000,True,0.155272,44.329366207122796
mnist,3,10,5,1,28,2000,adam,0.001,xavier_normal,1,MSELoss(),50,True,test,False,True,0,2000,True,0.70423,44.3345992565155
mnist,3,10,5,1,28,2000,adadelta,0.01,xavier_normal,1,MSELoss(),50,True,test,False,True,0,2000,True,0.1176,45.73982286453247
mnist,3,10,5,1,28,2000,adadelta,0.001,xavier_normal,1,MSELoss(),50,True,test,False,True,0,2000,True,0.09544,45.73530244827271
mnist,3,10,10,1,28,200,adam,0.01,xavier_normal,1,MSELoss(),50,True,test,False,True,0,2000,True,0.227598,40.014516830444336
mnist,3,10,10,1,28,200,adam,0.001,xavier_normal,1,MSELoss(),50,True,test,False,True,0,2000,True,0.7742999999999999,39.97369980812073
mnist,3,10,10,1,28,200,adadelta,0.01,xavier_normal,1,MSELoss(),50,True,test,False,True,0,2000,True,0.2241,40.97593855857849
mnist,3,10,10,1,28,200,adadelta,0.001,xavier_normal,1,MSELoss(),50,True,test,False,True,0,2000,True,0.10942000000000003,40.934646129608154
mnist,3,10,10,1,28,300,adam,0.01,xavier_normal,1,MSELoss(),50,True,test,False,True,0,2000,True,0.21921,40.472700834274285
mnist,3,10,10,1,28,300,adam,0.001,xavier_normal,1,MSELoss(),50,True,test,False,True,0,2000,True,0.783856,40.414135932922356
mnist,3,10,10,1,28,300,adadelta,0.01,xavier_normal,1,MSELoss(),50,True,test,False,True,0,2000,True,0.234306,41.48387360572815
mnist,3,10,10,1,28,300,adadelta,0.001,xavier_normal,1,MSELoss(),50,True,test,False,True,0,2000,True,0.115082,41.46482467651367
mnist,3,10,10,1,28,500,adam,0.01,xavier_normal,1,MSELoss(),50,True,test,False,True,0,2000,True,0.20462,40.99948740005493
mnist,3,10,10,1,28,500,adam,0.001,xavier_normal,1,MSELoss(),50,True,test,False,True,0,2000,True,0.79324,40.9824275970459
mnist,3,10,10,1,28,500,adadelta,0.01,xavier_normal,1,MSELoss(),50,True,test,False,True,0,2000,True,0.221246,42.25867652893066
mnist,3,10,10,1,28,500,adadelta,0.001,xavier_normal,1,MSELoss(),50,True,test,False,True,0,2000,True,0.110754,41.971565961837776
mnist,3,10,10,1,28,600,adam,0.01,xavier_normal,1,MSELoss(),50,True,test,False,True,0,2000,True,0.196124,41.53859567642212
mnist,3,10,10,1,28,600,adam,0.001,xavier_normal,1,MSELoss(),50,True,test,False,True,0,2000,True,0.795076,41.57224678993225
mnist,3,10,10,1,28,600,adadelta,0.01,xavier_normal,1,MSELoss(),50,True,test,False,True,0,2000,True,0.212138,42.507994890213006
mnist,3,10,10,1,28,600,adadelta,0.001,xavier_normal,1,MSELoss(),50,True,test,False,True,0,2000,True,0.106772,42.487483263015754
mnist,3,10,10,1,28,784,adam,0.01,xavier_normal,1,MSELoss(),50,True,test,False,True,0,2000,True,0.188016,41.930276155471795
mnist,3,10,10,1,28,784,adam,0.001,xavier_normal,1,MSELoss(),50,True,test,False,True,0,2000,True,0.7970540000000002,41.97776365280152
mnist,3,10,10,1,28,784,adadelta,0.01,xavier_normal,1,MSELoss(),50,True,test,False,True,0,2000,True,0.20425,42.70026278495789
mnist,3,10,10,1,28,784,adadelta,0.001,xavier_normal,1,MSELoss(),50,True,test,False,True,0,2000,True,0.11243,42.92695927619935
mnist,3,10,10,1,28,1000,adam,0.01,xavier_normal,1,MSELoss(),50,True,test,False,True,0,2000,True,0.17771800000000001,43.185307741165154
mnist,3,10,10,1,28,1000,adam,0.001,xavier_normal,1,MSELoss(),50,True,test,False,True,0,2000,True,0.7967920000000001,43.2109112739563
mnist,3,10,10,1,28,1000,adadelta,0.01,xavier_normal,1,MSELoss(),50,True,test,False,True,0,2000,True,0.1892,44.3167769908905
mnist,3,10,10,1,28,1000,adadelta,0.001,xavier_normal,1,MSELoss(),50,True,test,False,True,0,2000,True,0.10686199999999996,44.186031103134155
mnist,3,10,10,1,28,2000,adam,0.01,xavier_normal,1,MSELoss(),50,True,test,False,True,0,2000,True,0.152278,50.09731674194336
mnist,3,10,10,1,28,2000,adam,0.001,xavier_normal,1,MSELoss(),50,True,test,False,True,0,2000,True,0.7989259999999999,49.81232023239136
mnist,3,10,10,1,28,2000,adadelta,0.01,xavier_normal,1,MSELoss(),50,True,test,False,True,0,2000,True,0.146368,52.763957262039185
mnist,3,10,10,1,28,2000,adadelta,0.001,xavier_normal,1,MSELoss(),50,True,test,False,True,0,2000,True,0.09760200000000001,52.82735228538513
