dataset,epochs,way,train_shot,test_shot,x_dim,z_dim,optimizer,lr,initialization,channels,loss,trials,silent,split,in_alphabet,add_rotations,gpu,test_batch,full_test,save_data,accuracy,duration_sec
omniglot,10,3,1,1,28,784,adam,0.001,xavier_normal,1,MSELoss(),100,True,test,False,True,1,2000,False,False,0.5166666666666667,10.535422801971436
omniglot,10,3,1,1,28,784,adam,0.0001,xavier_normal,1,MSELoss(),100,True,test,False,True,1,2000,False,False,0.4066666666666667,3.804035425186157
omniglot,10,3,1,1,28,784,adam,5e-05,xavier_normal,1,MSELoss(),100,True,test,False,True,1,2000,False,False,0.3633333333333335,3.78814959526062
omniglot,10,3,1,1,28,784,adam,1e-05,xavier_normal,1,MSELoss(),100,True,test,False,True,1,2000,False,False,0.31999999999999995,3.8072078227996826
omniglot,10,3,1,1,28,784,adam,5e-06,xavier_normal,1,MSELoss(),100,True,test,False,True,1,2000,False,False,0.31000000000000005,3.85733962059021
omniglot,10,3,1,1,28,784,adam,1e-06,xavier_normal,1,MSELoss(),100,True,test,False,True,1,2000,False,False,0.31000000000000005,3.869080066680908
omniglot,10,3,1,1,28,784,adam,5e-07,xavier_normal,1,MSELoss(),100,True,test,False,True,1,2000,False,False,0.31000000000000005,3.803544998168945
omniglot,10,3,1,1,28,2000,adam,0.001,xavier_normal,1,MSELoss(),100,True,test,False,True,1,2000,False,False,0.5,6.999505281448362
omniglot,10,3,1,1,28,2000,adam,0.0001,xavier_normal,1,MSELoss(),100,True,test,False,True,1,2000,False,False,0.4466666666666667,7.04906153678894
omniglot,10,3,1,1,28,2000,adam,5e-05,xavier_normal,1,MSELoss(),100,True,test,False,True,1,2000,False,False,0.39,7.030519247055054
omniglot,10,3,1,1,28,2000,adam,1e-05,xavier_normal,1,MSELoss(),100,True,test,False,True,1,2000,False,False,0.3433333333333333,6.955995321273804
omniglot,10,3,1,1,28,2000,adam,5e-06,xavier_normal,1,MSELoss(),100,True,test,False,True,1,2000,False,False,0.3133333333333333,6.984528541564941
omniglot,10,3,1,1,28,2000,adam,1e-06,xavier_normal,1,MSELoss(),100,True,test,False,True,1,2000,False,False,0.3,7.006013631820679
omniglot,10,3,1,1,28,2000,adam,5e-07,xavier_normal,1,MSELoss(),100,True,test,False,True,1,2000,False,False,0.29666666666666663,7.0699238777160645
omniglot,10,3,3,1,28,784,adam,0.001,xavier_normal,1,MSELoss(),100,True,test,False,True,1,2000,False,False,0.6566666666666666,7.53406810760498
omniglot,10,3,3,1,28,784,adam,0.0001,xavier_normal,1,MSELoss(),100,True,test,False,True,1,2000,False,False,0.5733333333333333,7.495981454849242
omniglot,10,3,3,1,28,784,adam,5e-05,xavier_normal,1,MSELoss(),100,True,test,False,True,1,2000,False,False,0.49,7.617933988571168
omniglot,10,3,3,1,28,784,adam,1e-05,xavier_normal,1,MSELoss(),100,True,test,False,True,1,2000,False,False,0.37,7.496298313140869
omniglot,10,3,3,1,28,784,adam,5e-06,xavier_normal,1,MSELoss(),100,True,test,False,True,1,2000,False,False,0.3433333333333333,7.5353338718414316
omniglot,10,3,3,1,28,784,adam,1e-06,xavier_normal,1,MSELoss(),100,True,test,False,True,1,2000,False,False,0.33333333333333337,7.5119123458862305
omniglot,10,3,3,1,28,784,adam,5e-07,xavier_normal,1,MSELoss(),100,True,test,False,True,1,2000,False,False,0.32,7.4334983825683585
omniglot,10,3,3,1,28,2000,adam,0.001,xavier_normal,1,MSELoss(),100,True,test,False,True,1,2000,False,False,0.7,11.788365364074707
omniglot,10,3,3,1,28,2000,adam,0.0001,xavier_normal,1,MSELoss(),100,True,test,False,True,1,2000,False,False,0.64,11.584623098373413
omniglot,10,3,3,1,28,2000,adam,5e-05,xavier_normal,1,MSELoss(),100,True,test,False,True,1,2000,False,False,0.6033333333333333,11.733516454696655
omniglot,10,3,3,1,28,2000,adam,1e-05,xavier_normal,1,MSELoss(),100,True,test,False,True,1,2000,False,False,0.4633333333333333,11.636105298995972
omniglot,10,3,3,1,28,2000,adam,5e-06,xavier_normal,1,MSELoss(),100,True,test,False,True,1,2000,False,False,0.43,11.608797550201414
omniglot,10,3,3,1,28,2000,adam,1e-06,xavier_normal,1,MSELoss(),100,True,test,False,True,1,2000,False,False,0.4033333333333333,11.72612762451172
omniglot,10,3,3,1,28,2000,adam,5e-07,xavier_normal,1,MSELoss(),100,True,test,False,True,1,2000,False,False,0.3933333333333333,11.73557186126709
omniglot,10,3,5,1,28,784,adam,0.001,xavier_normal,1,MSELoss(),100,True,test,False,True,1,2000,False,False,0.7366666666666668,11.304129838943481
omniglot,10,3,5,1,28,784,adam,0.0001,xavier_normal,1,MSELoss(),100,True,test,False,True,1,2000,False,False,0.6966666666666669,11.23126769065857
omniglot,10,3,5,1,28,784,adam,5e-05,xavier_normal,1,MSELoss(),100,True,test,False,True,1,2000,False,False,0.6466666666666666,11.205711126327515
omniglot,10,3,5,1,28,784,adam,1e-05,xavier_normal,1,MSELoss(),100,True,test,False,True,1,2000,False,False,0.42,11.29190993309021
omniglot,10,3,5,1,28,784,adam,5e-06,xavier_normal,1,MSELoss(),100,True,test,False,True,1,2000,False,False,0.3666666666666665,11.274268865585327
omniglot,10,3,5,1,28,784,adam,1e-06,xavier_normal,1,MSELoss(),100,True,test,False,True,1,2000,False,False,0.3266666666666667,11.098007440567017
omniglot,10,3,5,1,28,784,adam,5e-07,xavier_normal,1,MSELoss(),100,True,test,False,True,1,2000,False,False,0.3133333333333333,11.109842777252195
omniglot,10,3,5,1,28,2000,adam,0.001,xavier_normal,1,MSELoss(),100,True,test,False,True,1,2000,False,False,0.7766666666666667,16.43962073326111
omniglot,10,3,5,1,28,2000,adam,0.0001,xavier_normal,1,MSELoss(),100,True,test,False,True,1,2000,False,False,0.7233333333333333,16.43893599510193
omniglot,10,3,5,1,28,2000,adam,5e-05,xavier_normal,1,MSELoss(),100,True,test,False,True,1,2000,False,False,0.6933333333333332,16.420389413833618
omniglot,10,3,5,1,28,2000,adam,1e-05,xavier_normal,1,MSELoss(),100,True,test,False,True,1,2000,False,False,0.4966666666666667,16.32958436012268
omniglot,10,3,5,1,28,2000,adam,5e-06,xavier_normal,1,MSELoss(),100,True,test,False,True,1,2000,False,False,0.41333333333333344,16.367576599121097
omniglot,10,3,5,1,28,2000,adam,1e-06,xavier_normal,1,MSELoss(),100,True,test,False,True,1,2000,False,False,0.3400000000000001,16.404743432998654
omniglot,10,3,5,1,28,2000,adam,5e-07,xavier_normal,1,MSELoss(),100,True,test,False,True,1,2000,False,False,0.3333333333333334,16.292142152786255
omniglot,10,3,10,1,28,784,adam,0.001,xavier_normal,1,MSELoss(),100,True,test,False,True,1,2000,False,False,0.8333333333333335,20.402577638626106
omniglot,10,3,10,1,28,784,adam,0.0001,xavier_normal,1,MSELoss(),100,True,test,False,True,1,2000,False,False,0.8100000000000002,20.40645146369934
omniglot,10,3,10,1,28,784,adam,5e-05,xavier_normal,1,MSELoss(),100,True,test,False,True,1,2000,False,False,0.7733333333333334,20.644122600555423
omniglot,10,3,10,1,28,784,adam,1e-05,xavier_normal,1,MSELoss(),100,True,test,False,True,1,2000,False,False,0.5166666666666667,20.455506801605228
omniglot,10,3,10,1,28,784,adam,5e-06,xavier_normal,1,MSELoss(),100,True,test,False,True,1,2000,False,False,0.4566666666666667,20.408235073089603
omniglot,10,3,10,1,28,784,adam,1e-06,xavier_normal,1,MSELoss(),100,True,test,False,True,1,2000,False,False,0.3533333333333333,20.392942428588867
omniglot,10,3,10,1,28,784,adam,5e-07,xavier_normal,1,MSELoss(),100,True,test,False,True,1,2000,False,False,0.3366666666666667,20.56372714042664
omniglot,10,3,10,1,28,2000,adam,0.001,xavier_normal,1,MSELoss(),100,True,test,False,True,1,2000,False,False,0.8533333333333333,28.10222911834717
omniglot,10,3,10,1,28,2000,adam,0.0001,xavier_normal,1,MSELoss(),100,True,test,False,True,1,2000,False,False,0.82,28.278457403182983
omniglot,10,3,10,1,28,2000,adam,5e-05,xavier_normal,1,MSELoss(),100,True,test,False,True,1,2000,False,False,0.81,28.25943064689636
omniglot,10,3,10,1,28,2000,adam,1e-05,xavier_normal,1,MSELoss(),100,True,test,False,True,1,2000,False,False,0.6233333333333332,28.087291479110718
omniglot,10,3,10,1,28,2000,adam,5e-06,xavier_normal,1,MSELoss(),100,True,test,False,True,1,2000,False,False,0.5133333333333333,28.29507541656494
omniglot,10,3,10,1,28,2000,adam,1e-06,xavier_normal,1,MSELoss(),100,True,test,False,True,1,2000,False,False,0.38,28.51257061958313
omniglot,10,3,10,1,28,2000,adam,5e-07,xavier_normal,1,MSELoss(),100,True,test,False,True,1,2000,False,False,0.3633333333333333,28.300783157348643
omniglot,10,5,1,1,28,784,adam,0.001,xavier_normal,1,MSELoss(),100,True,test,False,True,1,2000,False,False,0.392,6.019068717956543
omniglot,10,5,1,1,28,784,adam,0.0001,xavier_normal,1,MSELoss(),100,True,test,False,True,1,2000,False,False,0.292,6.070375919342041
omniglot,10,5,1,1,28,784,adam,5e-05,xavier_normal,1,MSELoss(),100,True,test,False,True,1,2000,False,False,0.25799999999999995,5.983436107635497
omniglot,10,5,1,1,28,784,adam,1e-05,xavier_normal,1,MSELoss(),100,True,test,False,True,1,2000,False,False,0.206,5.99669623374939
omniglot,10,5,1,1,28,784,adam,5e-06,xavier_normal,1,MSELoss(),100,True,test,False,True,1,2000,False,False,0.202,6.0311927795410165
omniglot,10,5,1,1,28,784,adam,1e-06,xavier_normal,1,MSELoss(),100,True,test,False,True,1,2000,False,False,0.19399999999999995,5.982781410217285
omniglot,10,5,1,1,28,784,adam,5e-07,xavier_normal,1,MSELoss(),100,True,test,False,True,1,2000,False,False,0.19399999999999995,6.034903526306152
omniglot,10,5,1,1,28,2000,adam,0.001,xavier_normal,1,MSELoss(),100,True,test,False,True,1,2000,False,False,0.42,10.610433816909788
omniglot,10,5,1,1,28,2000,adam,0.0001,xavier_normal,1,MSELoss(),100,True,test,False,True,1,2000,False,False,0.344,10.564013719558718
omniglot,10,5,1,1,28,2000,adam,5e-05,xavier_normal,1,MSELoss(),100,True,test,False,True,1,2000,False,False,0.294,10.611066579818727
omniglot,10,5,1,1,28,2000,adam,1e-05,xavier_normal,1,MSELoss(),100,True,test,False,True,1,2000,False,False,0.226,10.573497772216797
omniglot,10,5,1,1,28,2000,adam,5e-06,xavier_normal,1,MSELoss(),100,True,test,False,True,1,2000,False,False,0.226,10.55142879486084
omniglot,10,5,1,1,28,2000,adam,1e-06,xavier_normal,1,MSELoss(),100,True,test,False,True,1,2000,False,False,0.212,10.528473615646364
omniglot,10,5,1,1,28,2000,adam,5e-07,xavier_normal,1,MSELoss(),100,True,test,False,True,1,2000,False,False,0.212,10.547600269317627
omniglot,10,5,3,1,28,784,adam,0.001,xavier_normal,1,MSELoss(),100,True,test,False,True,1,2000,False,False,0.5820000000000001,12.359841108322144
omniglot,10,5,3,1,28,784,adam,0.0001,xavier_normal,1,MSELoss(),100,True,test,False,True,1,2000,False,False,0.516,12.239925146102905
omniglot,10,5,3,1,28,784,adam,5e-05,xavier_normal,1,MSELoss(),100,True,test,False,True,1,2000,False,False,0.4059999999999999,12.27769422531128
omniglot,10,5,3,1,28,784,adam,1e-05,xavier_normal,1,MSELoss(),100,True,test,False,True,1,2000,False,False,0.222,12.293256759643555
omniglot,10,5,3,1,28,784,adam,5e-06,xavier_normal,1,MSELoss(),100,True,test,False,True,1,2000,False,False,0.198,12.41487717628479
omniglot,10,5,3,1,28,784,adam,1e-06,xavier_normal,1,MSELoss(),100,True,test,False,True,1,2000,False,False,0.174,12.211172342300415
omniglot,10,5,3,1,28,784,adam,5e-07,xavier_normal,1,MSELoss(),100,True,test,False,True,1,2000,False,False,0.172,12.03621244430542
omniglot,10,5,3,1,28,2000,adam,0.001,xavier_normal,1,MSELoss(),100,True,test,False,True,1,2000,False,False,0.5920000000000001,18.578262805938717
omniglot,10,5,3,1,28,2000,adam,0.0001,xavier_normal,1,MSELoss(),100,True,test,False,True,1,2000,False,False,0.526,18.673145294189453
omniglot,10,5,3,1,28,2000,adam,5e-05,xavier_normal,1,MSELoss(),100,True,test,False,True,1,2000,False,False,0.46799999999999997,18.648107528686523
omniglot,10,5,3,1,28,2000,adam,1e-05,xavier_normal,1,MSELoss(),100,True,test,False,True,1,2000,False,False,0.278,18.560353517532352
omniglot,10,5,3,1,28,2000,adam,5e-06,xavier_normal,1,MSELoss(),100,True,test,False,True,1,2000,False,False,0.23800000000000002,18.57552528381348
omniglot,10,5,3,1,28,2000,adam,1e-06,xavier_normal,1,MSELoss(),100,True,test,False,True,1,2000,False,False,0.214,19.461158752441406
omniglot,10,5,3,1,28,2000,adam,5e-07,xavier_normal,1,MSELoss(),100,True,test,False,True,1,2000,False,False,0.212,20.491894960403442
omniglot,10,5,5,1,28,784,adam,0.001,xavier_normal,1,MSELoss(),100,True,test,False,True,1,2000,False,False,0.698,19.907883882522587
omniglot,10,5,5,1,28,784,adam,0.0001,xavier_normal,1,MSELoss(),100,True,test,False,True,1,2000,False,False,0.642,19.72370982170105
omniglot,10,5,5,1,28,784,adam,5e-05,xavier_normal,1,MSELoss(),100,True,test,False,True,1,2000,False,False,0.55,19.873013496398926
omniglot,10,5,5,1,28,784,adam,1e-05,xavier_normal,1,MSELoss(),100,True,test,False,True,1,2000,False,False,0.29600000000000004,19.19989562034607
omniglot,10,5,5,1,28,784,adam,5e-06,xavier_normal,1,MSELoss(),100,True,test,False,True,1,2000,False,False,0.242,19.791252851486206
omniglot,10,5,5,1,28,784,adam,1e-06,xavier_normal,1,MSELoss(),100,True,test,False,True,1,2000,False,False,0.22,19.937968254089355
omniglot,10,5,5,1,28,784,adam,5e-07,xavier_normal,1,MSELoss(),100,True,test,False,True,1,2000,False,False,0.214,19.814831972122192
omniglot,10,5,5,1,28,2000,adam,0.001,xavier_normal,1,MSELoss(),100,True,test,False,True,1,2000,False,False,0.6799999999999998,29.2779381275177
omniglot,10,5,5,1,28,2000,adam,0.0001,xavier_normal,1,MSELoss(),100,True,test,False,True,1,2000,False,False,0.6379999999999999,28.58970093727112
omniglot,10,5,5,1,28,2000,adam,5e-05,xavier_normal,1,MSELoss(),100,True,test,False,True,1,2000,False,False,0.5840000000000001,29.04594993591309
omniglot,10,5,5,1,28,2000,adam,1e-05,xavier_normal,1,MSELoss(),100,True,test,False,True,1,2000,False,False,0.35800000000000004,29.18457937240601
omniglot,10,5,5,1,28,2000,adam,5e-06,xavier_normal,1,MSELoss(),100,True,test,False,True,1,2000,False,False,0.282,28.939979553222656
omniglot,10,5,5,1,28,2000,adam,1e-06,xavier_normal,1,MSELoss(),100,True,test,False,True,1,2000,False,False,0.21,28.869628429412842
omniglot,10,5,5,1,28,2000,adam,5e-07,xavier_normal,1,MSELoss(),100,True,test,False,True,1,2000,False,False,0.206,29.07726883888245
omniglot,10,5,10,1,28,784,adam,0.001,xavier_normal,1,MSELoss(),100,True,test,False,True,1,2000,False,False,0.7659999999999998,52.04424786567688
omniglot,10,5,10,1,28,784,adam,0.0001,xavier_normal,1,MSELoss(),100,True,test,False,True,1,2000,False,False,0.7279999999999999,52.21017479896546
omniglot,10,5,10,1,28,784,adam,5e-05,xavier_normal,1,MSELoss(),100,True,test,False,True,1,2000,False,False,0.6779999999999998,52.26675271987915
omniglot,10,5,10,1,28,784,adam,1e-05,xavier_normal,1,MSELoss(),100,True,test,False,True,1,2000,False,False,0.4280000000000001,53.03048658370972
omniglot,10,5,10,1,28,784,adam,5e-06,xavier_normal,1,MSELoss(),100,True,test,False,True,1,2000,False,False,0.3320000000000001,52.47971725463867
omniglot,10,5,10,1,28,784,adam,1e-06,xavier_normal,1,MSELoss(),100,True,test,False,True,1,2000,False,False,0.23,52.29789280891418
omniglot,10,5,10,1,28,784,adam,5e-07,xavier_normal,1,MSELoss(),100,True,test,False,True,1,2000,False,False,0.214,53.1218798160553
omniglot,10,5,10,1,28,2000,adam,0.001,xavier_normal,1,MSELoss(),100,True,test,False,True,1,2000,False,False,0.7759999999999999,72.46483373641969
omniglot,10,5,10,1,28,2000,adam,0.0001,xavier_normal,1,MSELoss(),100,True,test,False,True,1,2000,False,False,0.7519999999999999,69.65975975990295
omniglot,10,5,10,1,28,2000,adam,5e-05,xavier_normal,1,MSELoss(),100,True,test,False,True,1,2000,False,False,0.726,71.48775935173035
omniglot,10,5,10,1,28,2000,adam,1e-05,xavier_normal,1,MSELoss(),100,True,test,False,True,1,2000,False,False,0.46799999999999997,71.6588282585144
omniglot,10,5,10,1,28,2000,adam,5e-06,xavier_normal,1,MSELoss(),100,True,test,False,True,1,2000,False,False,0.3280000000000001,70.45208787918091
omniglot,10,5,10,1,28,2000,adam,1e-06,xavier_normal,1,MSELoss(),100,True,test,False,True,1,2000,False,False,0.20600000000000002,70.0686972141266
omniglot,10,5,10,1,28,2000,adam,5e-07,xavier_normal,1,MSELoss(),100,True,test,False,True,1,2000,False,False,0.19,72.11470460891724
omniglot,10,10,1,1,28,784,adam,0.001,xavier_normal,1,MSELoss(),100,True,test,False,True,1,2000,False,False,0.327,14.239825248718262
omniglot,10,10,1,1,28,784,adam,0.0001,xavier_normal,1,MSELoss(),100,True,test,False,True,1,2000,False,False,0.1920000000000001,13.063980102539062
omniglot,10,10,1,1,28,784,adam,5e-05,xavier_normal,1,MSELoss(),100,True,test,False,True,1,2000,False,False,0.14,14.392009258270265
omniglot,10,10,1,1,28,784,adam,1e-05,xavier_normal,1,MSELoss(),100,True,test,False,True,1,2000,False,False,0.095,14.186027765274048
omniglot,10,10,1,1,28,784,adam,5e-06,xavier_normal,1,MSELoss(),100,True,test,False,True,1,2000,False,False,0.08900000000000001,14.166434526443481
omniglot,10,10,1,1,28,784,adam,1e-06,xavier_normal,1,MSELoss(),100,True,test,False,True,1,2000,False,False,0.08100000000000003,14.22515106201172
omniglot,10,10,1,1,28,784,adam,5e-07,xavier_normal,1,MSELoss(),100,True,test,False,True,1,2000,False,False,0.08,14.237927436828613
omniglot,10,10,1,1,28,2000,adam,0.001,xavier_normal,1,MSELoss(),100,True,test,False,True,1,2000,False,False,0.31599999999999995,23.68241238594055
omniglot,10,10,1,1,28,2000,adam,0.0001,xavier_normal,1,MSELoss(),100,True,test,False,True,1,2000,False,False,0.226,23.80484652519226
omniglot,10,10,1,1,28,2000,adam,5e-05,xavier_normal,1,MSELoss(),100,True,test,False,True,1,2000,False,False,0.16899999999999998,23.084113597869873
omniglot,10,10,1,1,28,2000,adam,1e-05,xavier_normal,1,MSELoss(),100,True,test,False,True,1,2000,False,False,0.106,23.786826848983765
omniglot,10,10,1,1,28,2000,adam,5e-06,xavier_normal,1,MSELoss(),100,True,test,False,True,1,2000,False,False,0.10399999999999998,23.774325132369995
omniglot,10,10,1,1,28,2000,adam,1e-06,xavier_normal,1,MSELoss(),100,True,test,False,True,1,2000,False,False,0.10099999999999998,23.80341482162476
omniglot,10,10,1,1,28,2000,adam,5e-07,xavier_normal,1,MSELoss(),100,True,test,False,True,1,2000,False,False,0.10099999999999998,23.656447649002075
omniglot,10,10,3,1,28,784,adam,0.001,xavier_normal,1,MSELoss(),100,True,test,False,True,1,2000,False,False,0.4970000000000001,27.595669031143192
omniglot,10,10,3,1,28,784,adam,0.0001,xavier_normal,1,MSELoss(),100,True,test,False,True,1,2000,False,False,0.391,28.32926750183105
omniglot,10,10,3,1,28,784,adam,5e-05,xavier_normal,1,MSELoss(),100,True,test,False,True,1,2000,False,False,0.28800000000000003,28.16219520568848
omniglot,10,10,3,1,28,784,adam,1e-05,xavier_normal,1,MSELoss(),100,True,test,False,True,1,2000,False,False,0.13699999999999998,28.24616289138794
omniglot,10,10,3,1,28,784,adam,5e-06,xavier_normal,1,MSELoss(),100,True,test,False,True,1,2000,False,False,0.107,28.34026551246643
omniglot,10,10,3,1,28,784,adam,1e-06,xavier_normal,1,MSELoss(),100,True,test,False,True,1,2000,False,False,0.087,27.734188318252567
omniglot,10,10,3,1,28,784,adam,5e-07,xavier_normal,1,MSELoss(),100,True,test,False,True,1,2000,False,False,0.08599999999999998,30.59189319610596
omniglot,10,10,3,1,28,2000,adam,0.001,xavier_normal,1,MSELoss(),100,True,test,False,True,1,2000,False,False,0.479,45.958644151687615
omniglot,10,10,3,1,28,2000,adam,0.0001,xavier_normal,1,MSELoss(),100,True,test,False,True,1,2000,False,False,0.428,45.68169116973877
omniglot,10,10,3,1,28,2000,adam,5e-05,xavier_normal,1,MSELoss(),100,True,test,False,True,1,2000,False,False,0.364,45.73532366752625
omniglot,10,10,3,1,28,2000,adam,1e-05,xavier_normal,1,MSELoss(),100,True,test,False,True,1,2000,False,False,0.15099999999999994,44.54563760757446
omniglot,10,10,3,1,28,2000,adam,5e-06,xavier_normal,1,MSELoss(),100,True,test,False,True,1,2000,False,False,0.11899999999999998,46.305520296096795
omniglot,10,10,3,1,28,2000,adam,1e-06,xavier_normal,1,MSELoss(),100,True,test,False,True,1,2000,False,False,0.097,46.51911354064941
omniglot,10,10,3,1,28,2000,adam,5e-07,xavier_normal,1,MSELoss(),100,True,test,False,True,1,2000,False,False,0.09599999999999996,46.79990601539612
omniglot,10,10,5,1,28,784,adam,0.001,xavier_normal,1,MSELoss(),100,True,test,False,True,1,2000,False,False,0.5539999999999999,62.87286758422852
omniglot,10,10,5,1,28,784,adam,0.0001,xavier_normal,1,MSELoss(),100,True,test,False,True,1,2000,False,False,0.484,63.913819789886475
omniglot,10,10,5,1,28,784,adam,5e-05,xavier_normal,1,MSELoss(),100,True,test,False,True,1,2000,False,False,0.4150000000000001,64.53547406196593
omniglot,10,10,5,1,28,784,adam,1e-05,xavier_normal,1,MSELoss(),100,True,test,False,True,1,2000,False,False,0.18500000000000005,63.0355761051178
omniglot,10,10,5,1,28,784,adam,5e-06,xavier_normal,1,MSELoss(),100,True,test,False,True,1,2000,False,False,0.14,63.32047486305237
omniglot,10,10,5,1,28,784,adam,1e-06,xavier_normal,1,MSELoss(),100,True,test,False,True,1,2000,False,False,0.11499999999999998,63.89654326438904
omniglot,10,10,5,1,28,784,adam,5e-07,xavier_normal,1,MSELoss(),100,True,test,False,True,1,2000,False,False,0.11,62.74224662780762
omniglot,10,10,5,1,28,2000,adam,0.001,xavier_normal,1,MSELoss(),100,True,test,False,True,1,2000,False,False,0.565,83.47573828697205
omniglot,10,10,5,1,28,2000,adam,0.0001,xavier_normal,1,MSELoss(),100,True,test,False,True,1,2000,False,False,0.5289999999999999,82.44123530387878
omniglot,10,10,5,1,28,2000,adam,5e-05,xavier_normal,1,MSELoss(),100,True,test,False,True,1,2000,False,False,0.473,84.9463744163513
omniglot,10,10,5,1,28,2000,adam,1e-05,xavier_normal,1,MSELoss(),100,True,test,False,True,1,2000,False,False,0.233,81.35685968399049
omniglot,10,10,5,1,28,2000,adam,5e-06,xavier_normal,1,MSELoss(),100,True,test,False,True,1,2000,False,False,0.179,84.19514489173889
omniglot,10,10,5,1,28,2000,adam,1e-06,xavier_normal,1,MSELoss(),100,True,test,False,True,1,2000,False,False,0.11899999999999995,82.35493993759154
omniglot,10,10,5,1,28,2000,adam,5e-07,xavier_normal,1,MSELoss(),100,True,test,False,True,1,2000,False,False,0.113,91.79015469551086
omniglot,10,10,10,1,28,784,adam,0.001,xavier_normal,1,MSELoss(),100,True,test,False,True,1,2000,False,False,0.6649999999999998,118.71623826026917
omniglot,10,10,10,1,28,784,adam,0.0001,xavier_normal,1,MSELoss(),100,True,test,False,True,1,2000,False,False,0.647,117.01193022727966
omniglot,10,10,10,1,28,784,adam,5e-05,xavier_normal,1,MSELoss(),100,True,test,False,True,1,2000,False,False,0.584,118.35192942619324
omniglot,10,10,10,1,28,784,adam,1e-05,xavier_normal,1,MSELoss(),100,True,test,False,True,1,2000,False,False,0.272,115.82663702964784
omniglot,10,10,10,1,28,784,adam,5e-06,xavier_normal,1,MSELoss(),100,True,test,False,True,1,2000,False,False,0.17400000000000002,117.98830938339232
omniglot,10,10,10,1,28,784,adam,1e-06,xavier_normal,1,MSELoss(),100,True,test,False,True,1,2000,False,False,0.098,115.9269425868988
omniglot,10,10,10,1,28,784,adam,5e-07,xavier_normal,1,MSELoss(),100,True,test,False,True,1,2000,False,False,0.09399999999999996,117.56289267539978
omniglot,10,10,10,1,28,2000,adam,0.001,xavier_normal,1,MSELoss(),100,True,test,False,True,1,2000,False,False,0.6980000000000001,154.10575890541074
omniglot,10,10,10,1,28,2000,adam,0.0001,xavier_normal,1,MSELoss(),100,True,test,False,True,1,2000,False,False,0.682,156.31388783454898
omniglot,10,10,10,1,28,2000,adam,5e-05,xavier_normal,1,MSELoss(),100,True,test,False,True,1,2000,False,False,0.64,155.34161520004272
omniglot,10,10,10,1,28,2000,adam,1e-05,xavier_normal,1,MSELoss(),100,True,test,False,True,1,2000,False,False,0.371,155.00885653495786
omniglot,10,10,10,1,28,2000,adam,5e-06,xavier_normal,1,MSELoss(),100,True,test,False,True,1,2000,False,False,0.237,156.5567669868469
omniglot,10,10,10,1,28,2000,adam,1e-06,xavier_normal,1,MSELoss(),100,True,test,False,True,1,2000,False,False,0.126,151.50463008880615
omniglot,10,10,10,1,28,2000,adam,5e-07,xavier_normal,1,MSELoss(),100,True,test,False,True,1,2000,False,False,0.10799999999999996,149.14271831512448
omniglot,3,3,1,1,28,784,adam,0.001,xavier_normal,1,MSELoss(),100,True,test,False,True,1,2000,False,False,0.4566666666666666,3.0963573455810547
omniglot,3,3,1,1,28,784,adam,0.0001,xavier_normal,1,MSELoss(),100,True,test,False,True,1,2000,False,False,0.3366666666666667,3.159290313720703
omniglot,3,3,1,1,28,784,adam,5e-05,xavier_normal,1,MSELoss(),100,True,test,False,True,1,2000,False,False,0.33,3.004192352294922
omniglot,3,3,1,1,28,784,adam,1e-05,xavier_normal,1,MSELoss(),100,True,test,False,True,1,2000,False,False,0.3133333333333333,3.0032334327697754
omniglot,3,3,1,1,28,784,adam,5e-06,xavier_normal,1,MSELoss(),100,True,test,False,True,1,2000,False,False,0.31000000000000005,3.1745607852935787
omniglot,3,3,1,1,28,784,adam,1e-06,xavier_normal,1,MSELoss(),100,True,test,False,True,1,2000,False,False,0.31000000000000005,3.132265329360962
omniglot,3,3,1,1,28,784,adam,5e-07,xavier_normal,1,MSELoss(),100,True,test,False,True,1,2000,False,False,0.31000000000000005,2.9527511596679688
omniglot,3,3,1,1,28,2000,adam,0.001,xavier_normal,1,MSELoss(),100,True,test,False,True,1,2000,False,False,0.5066666666666667,5.619523286819458
omniglot,3,3,1,1,28,2000,adam,0.0001,xavier_normal,1,MSELoss(),100,True,test,False,True,1,2000,False,False,0.3733333333333333,5.943987846374513
omniglot,3,3,1,1,28,2000,adam,5e-05,xavier_normal,1,MSELoss(),100,True,test,False,True,1,2000,False,False,0.35,6.19580078125
omniglot,3,3,1,1,28,2000,adam,1e-05,xavier_normal,1,MSELoss(),100,True,test,False,True,1,2000,False,False,0.3033333333333333,6.275072813034058
omniglot,3,3,1,1,28,2000,adam,5e-06,xavier_normal,1,MSELoss(),100,True,test,False,True,1,2000,False,False,0.3033333333333333,6.2246763706207275
omniglot,3,3,1,1,28,2000,adam,1e-06,xavier_normal,1,MSELoss(),100,True,test,False,True,1,2000,False,False,0.29666666666666663,6.061457395553589
omniglot,3,3,1,1,28,2000,adam,5e-07,xavier_normal,1,MSELoss(),100,True,test,False,True,1,2000,False,False,0.29666666666666663,6.176305055618286
omniglot,3,3,3,1,28,784,adam,0.001,xavier_normal,1,MSELoss(),100,True,test,False,True,1,2000,False,False,0.6299999999999999,4.882960557937622
omniglot,3,3,3,1,28,784,adam,0.0001,xavier_normal,1,MSELoss(),100,True,test,False,True,1,2000,False,False,0.4333333333333334,4.676356554031372
omniglot,3,3,3,1,28,784,adam,5e-05,xavier_normal,1,MSELoss(),100,True,test,False,True,1,2000,False,False,0.38666666666666666,4.727964878082275
omniglot,3,3,3,1,28,784,adam,1e-05,xavier_normal,1,MSELoss(),100,True,test,False,True,1,2000,False,False,0.3366666666666667,4.75615119934082
omniglot,3,3,3,1,28,784,adam,5e-06,xavier_normal,1,MSELoss(),100,True,test,False,True,1,2000,False,False,0.33,4.757745742797852
omniglot,3,3,3,1,28,784,adam,1e-06,xavier_normal,1,MSELoss(),100,True,test,False,True,1,2000,False,False,0.32,4.79857873916626
omniglot,3,3,3,1,28,784,adam,5e-07,xavier_normal,1,MSELoss(),100,True,test,False,True,1,2000,False,False,0.32,4.838950157165527
omniglot,3,3,3,1,28,2000,adam,0.001,xavier_normal,1,MSELoss(),100,True,test,False,True,1,2000,False,False,0.6966666666666665,8.298642158508299
omniglot,3,3,3,1,28,2000,adam,0.0001,xavier_normal,1,MSELoss(),100,True,test,False,True,1,2000,False,False,0.5633333333333332,8.281743764877321
omniglot,3,3,3,1,28,2000,adam,5e-05,xavier_normal,1,MSELoss(),100,True,test,False,True,1,2000,False,False,0.4899999999999999,8.230446338653563
omniglot,3,3,3,1,28,2000,adam,1e-05,xavier_normal,1,MSELoss(),100,True,test,False,True,1,2000,False,False,0.4133333333333333,8.071216583251951
omniglot,3,3,3,1,28,2000,adam,5e-06,xavier_normal,1,MSELoss(),100,True,test,False,True,1,2000,False,False,0.40666666666666657,8.119221210479736
omniglot,3,3,3,1,28,2000,adam,1e-06,xavier_normal,1,MSELoss(),100,True,test,False,True,1,2000,False,False,0.3933333333333333,8.327785730361937
omniglot,3,3,3,1,28,2000,adam,5e-07,xavier_normal,1,MSELoss(),100,True,test,False,True,1,2000,False,False,0.3899999999999999,8.259019136428831
omniglot,3,3,5,1,28,784,adam,0.001,xavier_normal,1,MSELoss(),100,True,test,False,True,1,2000,False,False,0.72,6.2579782009124765
omniglot,3,3,5,1,28,784,adam,0.0001,xavier_normal,1,MSELoss(),100,True,test,False,True,1,2000,False,False,0.5466666666666666,6.837846517562866
omniglot,3,3,5,1,28,784,adam,5e-05,xavier_normal,1,MSELoss(),100,True,test,False,True,1,2000,False,False,0.46,6.236306190490723
omniglot,3,3,5,1,28,784,adam,1e-05,xavier_normal,1,MSELoss(),100,True,test,False,True,1,2000,False,False,0.3400000000000001,6.712645053863525
omniglot,3,3,5,1,28,784,adam,5e-06,xavier_normal,1,MSELoss(),100,True,test,False,True,1,2000,False,False,0.3266666666666667,6.3488616943359375
omniglot,3,3,5,1,28,784,adam,1e-06,xavier_normal,1,MSELoss(),100,True,test,False,True,1,2000,False,False,0.3133333333333333,6.669913053512572
omniglot,3,3,5,1,28,784,adam,5e-07,xavier_normal,1,MSELoss(),100,True,test,False,True,1,2000,False,False,0.3133333333333333,6.494215726852418
omniglot,3,3,5,1,28,2000,adam,0.001,xavier_normal,1,MSELoss(),100,True,test,False,True,1,2000,False,False,0.7833333333333334,10.708375692367555
omniglot,3,3,5,1,28,2000,adam,0.0001,xavier_normal,1,MSELoss(),100,True,test,False,True,1,2000,False,False,0.6533333333333333,10.382570743560793
omniglot,3,3,5,1,28,2000,adam,5e-05,xavier_normal,1,MSELoss(),100,True,test,False,True,1,2000,False,False,0.53,10.442736625671387
omniglot,3,3,5,1,28,2000,adam,1e-05,xavier_normal,1,MSELoss(),100,True,test,False,True,1,2000,False,False,0.3933333333333334,10.270209550857542
omniglot,3,3,5,1,28,2000,adam,5e-06,xavier_normal,1,MSELoss(),100,True,test,False,True,1,2000,False,False,0.35333333333333344,10.572705507278444
omniglot,3,3,5,1,28,2000,adam,1e-06,xavier_normal,1,MSELoss(),100,True,test,False,True,1,2000,False,False,0.33,10.856874227523804
omniglot,3,3,5,1,28,2000,adam,5e-07,xavier_normal,1,MSELoss(),100,True,test,False,True,1,2000,False,False,0.32333333333333336,10.360332727432253
omniglot,3,3,10,1,28,784,adam,0.001,xavier_normal,1,MSELoss(),100,True,test,False,True,1,2000,False,False,0.8233333333333335,10.00000810623169
omniglot,3,3,10,1,28,784,adam,0.0001,xavier_normal,1,MSELoss(),100,True,test,False,True,1,2000,False,False,0.7166666666666669,9.086601972579958
omniglot,3,3,10,1,28,784,adam,5e-05,xavier_normal,1,MSELoss(),100,True,test,False,True,1,2000,False,False,0.5933333333333333,10.758064031600952
omniglot,3,3,10,1,28,784,adam,1e-05,xavier_normal,1,MSELoss(),100,True,test,False,True,1,2000,False,False,0.4266666666666665,10.920254707336426
omniglot,3,3,10,1,28,784,adam,5e-06,xavier_normal,1,MSELoss(),100,True,test,False,True,1,2000,False,False,0.37,10.732859373092653
omniglot,3,3,10,1,28,784,adam,1e-06,xavier_normal,1,MSELoss(),100,True,test,False,True,1,2000,False,False,0.3366666666666667,10.777374982833862
omniglot,3,3,10,1,28,784,adam,5e-07,xavier_normal,1,MSELoss(),100,True,test,False,True,1,2000,False,False,0.3366666666666667,10.83550763130188
omniglot,3,3,10,1,28,2000,adam,0.001,xavier_normal,1,MSELoss(),100,True,test,False,True,1,2000,False,False,0.8466666666666667,16.01212215423584
omniglot,3,3,10,1,28,2000,adam,0.0001,xavier_normal,1,MSELoss(),100,True,test,False,True,1,2000,False,False,0.7533333333333335,15.657181978225708
omniglot,3,3,10,1,28,2000,adam,5e-05,xavier_normal,1,MSELoss(),100,True,test,False,True,1,2000,False,False,0.6733333333333335,15.540189266204836
omniglot,3,3,10,1,28,2000,adam,1e-05,xavier_normal,1,MSELoss(),100,True,test,False,True,1,2000,False,False,0.45,15.835552215576172
omniglot,3,3,10,1,28,2000,adam,5e-06,xavier_normal,1,MSELoss(),100,True,test,False,True,1,2000,False,False,0.39666666666666667,15.727027893066404
omniglot,3,3,10,1,28,2000,adam,1e-06,xavier_normal,1,MSELoss(),100,True,test,False,True,1,2000,False,False,0.3500000000000001,15.669442653656006
omniglot,3,3,10,1,28,2000,adam,5e-07,xavier_normal,1,MSELoss(),100,True,test,False,True,1,2000,False,False,0.34,15.893691301345825
omniglot,3,5,1,1,28,784,adam,0.001,xavier_normal,1,MSELoss(),100,True,test,False,True,1,2000,False,False,0.35800000000000004,4.838108777999878
omniglot,3,5,1,1,28,784,adam,0.0001,xavier_normal,1,MSELoss(),100,True,test,False,True,1,2000,False,False,0.222,4.859779596328735
omniglot,3,5,1,1,28,784,adam,5e-05,xavier_normal,1,MSELoss(),100,True,test,False,True,1,2000,False,False,0.20800000000000002,4.871783494949341
omniglot,3,5,1,1,28,784,adam,1e-05,xavier_normal,1,MSELoss(),100,True,test,False,True,1,2000,False,False,0.19799999999999995,4.829653739929199
omniglot,3,5,1,1,28,784,adam,5e-06,xavier_normal,1,MSELoss(),100,True,test,False,True,1,2000,False,False,0.19199999999999995,4.985745668411255
omniglot,3,5,1,1,28,784,adam,1e-06,xavier_normal,1,MSELoss(),100,True,test,False,True,1,2000,False,False,0.19399999999999995,4.915225267410278
omniglot,3,5,1,1,28,784,adam,5e-07,xavier_normal,1,MSELoss(),100,True,test,False,True,1,2000,False,False,0.19399999999999995,4.869035005569458
omniglot,3,5,1,1,28,2000,adam,0.001,xavier_normal,1,MSELoss(),100,True,test,False,True,1,2000,False,False,0.414,9.137902736663818
omniglot,3,5,1,1,28,2000,adam,0.0001,xavier_normal,1,MSELoss(),100,True,test,False,True,1,2000,False,False,0.264,9.18722367286682
omniglot,3,5,1,1,28,2000,adam,5e-05,xavier_normal,1,MSELoss(),100,True,test,False,True,1,2000,False,False,0.23,9.036749839782717
omniglot,3,5,1,1,28,2000,adam,1e-05,xavier_normal,1,MSELoss(),100,True,test,False,True,1,2000,False,False,0.21799999999999994,9.067454576492311
omniglot,3,5,1,1,28,2000,adam,5e-06,xavier_normal,1,MSELoss(),100,True,test,False,True,1,2000,False,False,0.21399999999999994,9.109640359878538
omniglot,3,5,1,1,28,2000,adam,1e-06,xavier_normal,1,MSELoss(),100,True,test,False,True,1,2000,False,False,0.21399999999999994,8.978153467178347
omniglot,3,5,1,1,28,2000,adam,5e-07,xavier_normal,1,MSELoss(),100,True,test,False,True,1,2000,False,False,0.21399999999999994,8.391757965087889
omniglot,3,5,3,1,28,784,adam,0.001,xavier_normal,1,MSELoss(),100,True,test,False,True,1,2000,False,False,0.56,7.6959595680236825
omniglot,3,5,3,1,28,784,adam,0.0001,xavier_normal,1,MSELoss(),100,True,test,False,True,1,2000,False,False,0.3,7.680174827575684
omniglot,3,5,3,1,28,784,adam,5e-05,xavier_normal,1,MSELoss(),100,True,test,False,True,1,2000,False,False,0.24600000000000005,7.787775754928589
omniglot,3,5,3,1,28,784,adam,1e-05,xavier_normal,1,MSELoss(),100,True,test,False,True,1,2000,False,False,0.18600000000000005,7.816811323165893
omniglot,3,5,3,1,28,784,adam,5e-06,xavier_normal,1,MSELoss(),100,True,test,False,True,1,2000,False,False,0.174,7.7978973388671875
omniglot,3,5,3,1,28,784,adam,1e-06,xavier_normal,1,MSELoss(),100,True,test,False,True,1,2000,False,False,0.172,7.8306884765625
omniglot,3,5,3,1,28,784,adam,5e-07,xavier_normal,1,MSELoss(),100,True,test,False,True,1,2000,False,False,0.172,7.849467515945435
omniglot,3,5,3,1,28,2000,adam,0.001,xavier_normal,1,MSELoss(),100,True,test,False,True,1,2000,False,False,0.58,12.948111057281494
omniglot,3,5,3,1,28,2000,adam,0.0001,xavier_normal,1,MSELoss(),100,True,test,False,True,1,2000,False,False,0.4199999999999999,13.063210725784302
omniglot,3,5,3,1,28,2000,adam,5e-05,xavier_normal,1,MSELoss(),100,True,test,False,True,1,2000,False,False,0.32,12.99249029159546
omniglot,3,5,3,1,28,2000,adam,1e-05,xavier_normal,1,MSELoss(),100,True,test,False,True,1,2000,False,False,0.226,13.008746862411499
omniglot,3,5,3,1,28,2000,adam,5e-06,xavier_normal,1,MSELoss(),100,True,test,False,True,1,2000,False,False,0.21600000000000005,12.949037075042725
omniglot,3,5,3,1,28,2000,adam,1e-06,xavier_normal,1,MSELoss(),100,True,test,False,True,1,2000,False,False,0.21,12.98639726638794
omniglot,3,5,3,1,28,2000,adam,5e-07,xavier_normal,1,MSELoss(),100,True,test,False,True,1,2000,False,False,0.21,12.958012819290161
omniglot,3,5,5,1,28,784,adam,0.001,xavier_normal,1,MSELoss(),100,True,test,False,True,1,2000,False,False,0.6779999999999998,10.486322641372679
omniglot,3,5,5,1,28,784,adam,0.0001,xavier_normal,1,MSELoss(),100,True,test,False,True,1,2000,False,False,0.4540000000000001,10.544865846633913
omniglot,3,5,5,1,28,784,adam,5e-05,xavier_normal,1,MSELoss(),100,True,test,False,True,1,2000,False,False,0.334,10.502647161483763
omniglot,3,5,5,1,28,784,adam,1e-05,xavier_normal,1,MSELoss(),100,True,test,False,True,1,2000,False,False,0.23399999999999999,10.476727485656738
omniglot,3,5,5,1,28,784,adam,5e-06,xavier_normal,1,MSELoss(),100,True,test,False,True,1,2000,False,False,0.22199999999999995,10.668797492980957
omniglot,3,5,5,1,28,784,adam,1e-06,xavier_normal,1,MSELoss(),100,True,test,False,True,1,2000,False,False,0.214,10.728240251541136
omniglot,3,5,5,1,28,784,adam,5e-07,xavier_normal,1,MSELoss(),100,True,test,False,True,1,2000,False,False,0.21,10.657758951187132
omniglot,3,5,5,1,28,2000,adam,0.001,xavier_normal,1,MSELoss(),100,True,test,False,True,1,2000,False,False,0.6759999999999998,16.475685119628903
omniglot,3,5,5,1,28,2000,adam,0.0001,xavier_normal,1,MSELoss(),100,True,test,False,True,1,2000,False,False,0.52,16.373697757720947
omniglot,3,5,5,1,28,2000,adam,5e-05,xavier_normal,1,MSELoss(),100,True,test,False,True,1,2000,False,False,0.41200000000000003,15.303999185562134
omniglot,3,5,5,1,28,2000,adam,1e-05,xavier_normal,1,MSELoss(),100,True,test,False,True,1,2000,False,False,0.234,16.804380178451538
omniglot,3,5,5,1,28,2000,adam,5e-06,xavier_normal,1,MSELoss(),100,True,test,False,True,1,2000,False,False,0.21399999999999994,16.520299911499027
omniglot,3,5,5,1,28,2000,adam,1e-06,xavier_normal,1,MSELoss(),100,True,test,False,True,1,2000,False,False,0.204,16.460423469543453
omniglot,3,5,5,1,28,2000,adam,5e-07,xavier_normal,1,MSELoss(),100,True,test,False,True,1,2000,False,False,0.20199999999999999,16.756155729293823
omniglot,3,5,10,1,28,784,adam,0.001,xavier_normal,1,MSELoss(),100,True,test,False,True,1,2000,False,False,0.7679999999999998,33.087222814559944
omniglot,3,5,10,1,28,784,adam,0.0001,xavier_normal,1,MSELoss(),100,True,test,False,True,1,2000,False,False,0.624,32.47870135307312
omniglot,3,5,10,1,28,784,adam,5e-05,xavier_normal,1,MSELoss(),100,True,test,False,True,1,2000,False,False,0.5000000000000001,33.470698595047004
omniglot,3,5,10,1,28,784,adam,1e-05,xavier_normal,1,MSELoss(),100,True,test,False,True,1,2000,False,False,0.28400000000000003,34.141249895095825
omniglot,3,5,10,1,28,784,adam,5e-06,xavier_normal,1,MSELoss(),100,True,test,False,True,1,2000,False,False,0.244,34.025925874710076
omniglot,3,5,10,1,28,784,adam,1e-06,xavier_normal,1,MSELoss(),100,True,test,False,True,1,2000,False,False,0.21,31.30208921432495
omniglot,3,5,10,1,28,784,adam,5e-07,xavier_normal,1,MSELoss(),100,True,test,False,True,1,2000,False,False,0.208,33.035932540893555
omniglot,3,5,10,1,28,2000,adam,0.001,xavier_normal,1,MSELoss(),100,True,test,False,True,1,2000,False,False,0.7659999999999999,42.453832149505615
omniglot,3,5,10,1,28,2000,adam,0.0001,xavier_normal,1,MSELoss(),100,True,test,False,True,1,2000,False,False,0.6719999999999999,41.33972859382629
omniglot,3,5,10,1,28,2000,adam,5e-05,xavier_normal,1,MSELoss(),100,True,test,False,True,1,2000,False,False,0.5559999999999999,41.72390913963318
omniglot,3,5,10,1,28,2000,adam,1e-05,xavier_normal,1,MSELoss(),100,True,test,False,True,1,2000,False,False,0.276,41.40461659431458
omniglot,3,5,10,1,28,2000,adam,5e-06,xavier_normal,1,MSELoss(),100,True,test,False,True,1,2000,False,False,0.226,40.674156665802
omniglot,3,5,10,1,28,2000,adam,1e-06,xavier_normal,1,MSELoss(),100,True,test,False,True,1,2000,False,False,0.18399999999999994,40.58250498771668
omniglot,3,5,10,1,28,2000,adam,5e-07,xavier_normal,1,MSELoss(),100,True,test,False,True,1,2000,False,False,0.182,42.4211962223053
omniglot,3,10,1,1,28,784,adam,0.001,xavier_normal,1,MSELoss(),100,True,test,False,True,1,2000,False,False,0.277,9.77925729751587
omniglot,3,10,1,1,28,784,adam,0.0001,xavier_normal,1,MSELoss(),100,True,test,False,True,1,2000,False,False,0.11699999999999999,9.631789207458496
omniglot,3,10,1,1,28,784,adam,5e-05,xavier_normal,1,MSELoss(),100,True,test,False,True,1,2000,False,False,0.099,9.613008737564089
omniglot,3,10,1,1,28,784,adam,1e-05,xavier_normal,1,MSELoss(),100,True,test,False,True,1,2000,False,False,0.085,9.585208654403688
omniglot,3,10,1,1,28,784,adam,5e-06,xavier_normal,1,MSELoss(),100,True,test,False,True,1,2000,False,False,0.083,9.575424194335938
omniglot,3,10,1,1,28,784,adam,1e-06,xavier_normal,1,MSELoss(),100,True,test,False,True,1,2000,False,False,0.08,9.700677156448362
omniglot,3,10,1,1,28,784,adam,5e-07,xavier_normal,1,MSELoss(),100,True,test,False,True,1,2000,False,False,0.08,9.698973894119264
omniglot,3,10,1,1,28,2000,adam,0.001,xavier_normal,1,MSELoss(),100,True,test,False,True,1,2000,False,False,0.297,17.560553073883053
omniglot,3,10,1,1,28,2000,adam,0.0001,xavier_normal,1,MSELoss(),100,True,test,False,True,1,2000,False,False,0.14300000000000002,17.51088309288025
omniglot,3,10,1,1,28,2000,adam,5e-05,xavier_normal,1,MSELoss(),100,True,test,False,True,1,2000,False,False,0.114,17.55849027633667
omniglot,3,10,1,1,28,2000,adam,1e-05,xavier_normal,1,MSELoss(),100,True,test,False,True,1,2000,False,False,0.10399999999999998,17.92141342163086
omniglot,3,10,1,1,28,2000,adam,5e-06,xavier_normal,1,MSELoss(),100,True,test,False,True,1,2000,False,False,0.102,17.128034830093384
omniglot,3,10,1,1,28,2000,adam,1e-06,xavier_normal,1,MSELoss(),100,True,test,False,True,1,2000,False,False,0.10099999999999998,17.014711856842037
omniglot,3,10,1,1,28,2000,adam,5e-07,xavier_normal,1,MSELoss(),100,True,test,False,True,1,2000,False,False,0.10099999999999998,18.943795919418328
omniglot,3,10,3,1,28,784,adam,0.001,xavier_normal,1,MSELoss(),100,True,test,False,True,1,2000,False,False,0.48,19.426554918289185
omniglot,3,10,3,1,28,784,adam,0.0001,xavier_normal,1,MSELoss(),100,True,test,False,True,1,2000,False,False,0.214,18.612074375152584
omniglot,3,10,3,1,28,784,adam,5e-05,xavier_normal,1,MSELoss(),100,True,test,False,True,1,2000,False,False,0.15899999999999995,19.2641110420227
omniglot,3,10,3,1,28,784,adam,1e-05,xavier_normal,1,MSELoss(),100,True,test,False,True,1,2000,False,False,0.095,18.46907329559326
omniglot,3,10,3,1,28,784,adam,5e-06,xavier_normal,1,MSELoss(),100,True,test,False,True,1,2000,False,False,0.08899999999999998,19.44672465324402
omniglot,3,10,3,1,28,784,adam,1e-06,xavier_normal,1,MSELoss(),100,True,test,False,True,1,2000,False,False,0.085,18.661306381225586
omniglot,3,10,3,1,28,784,adam,5e-07,xavier_normal,1,MSELoss(),100,True,test,False,True,1,2000,False,False,0.086,19.31781029701233
omniglot,3,10,3,1,28,2000,adam,0.001,xavier_normal,1,MSELoss(),100,True,test,False,True,1,2000,False,False,0.47100000000000003,28.19160532951355
omniglot,3,10,3,1,28,2000,adam,0.0001,xavier_normal,1,MSELoss(),100,True,test,False,True,1,2000,False,False,0.278,28.5682954788208
omniglot,3,10,3,1,28,2000,adam,5e-05,xavier_normal,1,MSELoss(),100,True,test,False,True,1,2000,False,False,0.17799999999999996,28.29402780532837
omniglot,3,10,3,1,28,2000,adam,1e-05,xavier_normal,1,MSELoss(),100,True,test,False,True,1,2000,False,False,0.11099999999999996,28.334739685058594
omniglot,3,10,3,1,28,2000,adam,5e-06,xavier_normal,1,MSELoss(),100,True,test,False,True,1,2000,False,False,0.099,28.23595428466797
omniglot,3,10,3,1,28,2000,adam,1e-06,xavier_normal,1,MSELoss(),100,True,test,False,True,1,2000,False,False,0.09599999999999996,28.352840662002567
omniglot,3,10,3,1,28,2000,adam,5e-07,xavier_normal,1,MSELoss(),100,True,test,False,True,1,2000,False,False,0.095,27.886433601379395
omniglot,3,10,5,1,28,784,adam,0.001,xavier_normal,1,MSELoss(),100,True,test,False,True,1,2000,False,False,0.536,40.558333158493035
omniglot,3,10,5,1,28,784,adam,0.0001,xavier_normal,1,MSELoss(),100,True,test,False,True,1,2000,False,False,0.3339999999999999,43.70129084587097
omniglot,3,10,5,1,28,784,adam,5e-05,xavier_normal,1,MSELoss(),100,True,test,False,True,1,2000,False,False,0.23000000000000004,42.87426733970642
omniglot,3,10,5,1,28,784,adam,1e-05,xavier_normal,1,MSELoss(),100,True,test,False,True,1,2000,False,False,0.12900000000000006,43.578800678253174
omniglot,3,10,5,1,28,784,adam,5e-06,xavier_normal,1,MSELoss(),100,True,test,False,True,1,2000,False,False,0.117,40.83458137512207
omniglot,3,10,5,1,28,784,adam,1e-06,xavier_normal,1,MSELoss(),100,True,test,False,True,1,2000,False,False,0.10800000000000001,42.790234804153435
omniglot,3,10,5,1,28,784,adam,5e-07,xavier_normal,1,MSELoss(),100,True,test,False,True,1,2000,False,False,0.10599999999999997,43.31008434295654
omniglot,3,10,5,1,28,2000,adam,0.001,xavier_normal,1,MSELoss(),100,True,test,False,True,1,2000,False,False,0.552,51.34492206573486
omniglot,3,10,5,1,28,2000,adam,0.0001,xavier_normal,1,MSELoss(),100,True,test,False,True,1,2000,False,False,0.41,52.78572869300842
omniglot,3,10,5,1,28,2000,adam,5e-05,xavier_normal,1,MSELoss(),100,True,test,False,True,1,2000,False,False,0.29,53.47546935081482
omniglot,3,10,5,1,28,2000,adam,1e-05,xavier_normal,1,MSELoss(),100,True,test,False,True,1,2000,False,False,0.14800000000000002,53.73213219642639
omniglot,3,10,5,1,28,2000,adam,5e-06,xavier_normal,1,MSELoss(),100,True,test,False,True,1,2000,False,False,0.12299999999999996,53.397494554519646
omniglot,3,10,5,1,28,2000,adam,1e-06,xavier_normal,1,MSELoss(),100,True,test,False,True,1,2000,False,False,0.11099999999999996,53.74779415130615
omniglot,3,10,5,1,28,2000,adam,5e-07,xavier_normal,1,MSELoss(),100,True,test,False,True,1,2000,False,False,0.11,53.56648445129394
omniglot,3,10,10,1,28,784,adam,0.001,xavier_normal,1,MSELoss(),100,True,test,False,True,1,2000,False,False,0.6649999999999998,58.02239990234375
omniglot,3,10,10,1,28,784,adam,0.0001,xavier_normal,1,MSELoss(),100,True,test,False,True,1,2000,False,False,0.5060000000000001,60.807612657547
omniglot,3,10,10,1,28,784,adam,5e-05,xavier_normal,1,MSELoss(),100,True,test,False,True,1,2000,False,False,0.35999999999999993,61.21821737289429
omniglot,3,10,10,1,28,784,adam,1e-05,xavier_normal,1,MSELoss(),100,True,test,False,True,1,2000,False,False,0.131,60.972696781158454
omniglot,3,10,10,1,28,784,adam,5e-06,xavier_normal,1,MSELoss(),100,True,test,False,True,1,2000,False,False,0.107,62.10399389266968
omniglot,3,10,10,1,28,784,adam,1e-06,xavier_normal,1,MSELoss(),100,True,test,False,True,1,2000,False,False,0.094,59.06406593322754
omniglot,3,10,10,1,28,784,adam,5e-07,xavier_normal,1,MSELoss(),100,True,test,False,True,1,2000,False,False,0.094,58.796788692474365
omniglot,3,10,10,1,28,2000,adam,0.001,xavier_normal,1,MSELoss(),100,True,test,False,True,1,2000,False,False,0.6990000000000001,75.11225128173828
omniglot,3,10,10,1,28,2000,adam,0.0001,xavier_normal,1,MSELoss(),100,True,test,False,True,1,2000,False,False,0.583,73.01351547241211
omniglot,3,10,10,1,28,2000,adam,5e-05,xavier_normal,1,MSELoss(),100,True,test,False,True,1,2000,False,False,0.462,75.96689891815186
omniglot,3,10,10,1,28,2000,adam,1e-05,xavier_normal,1,MSELoss(),100,True,test,False,True,1,2000,False,False,0.19,75.66953706741333
omniglot,3,10,10,1,28,2000,adam,5e-06,xavier_normal,1,MSELoss(),100,True,test,False,True,1,2000,False,False,0.14,72.74201154708862
omniglot,3,10,10,1,28,2000,adam,1e-06,xavier_normal,1,MSELoss(),100,True,test,False,True,1,2000,False,False,0.10300000000000001,75.92544388771056
omniglot,3,10,10,1,28,2000,adam,5e-07,xavier_normal,1,MSELoss(),100,True,test,False,True,1,2000,False,False,0.099,76.05274391174316
