dataset,epochs,way,train_shot,test_shot,x_dim,z_dim,dld,optimizer,lr,initialization,channels,loss,trials,silent,split,in_alphabet,add_rotations,gpu,test_batch,full_test,save_data,table_dataset,accuracy,duration_sec,lr_target
mnist,3,10,1,1,28,784,True,adam,0.001,xavier_normal,1,MSELoss(),100,True,test,False,True,1,2000,False,False,False,0.4269999999999999,20.29482316970825,0.001
mnist,3,10,1,1,28,784,True,adam,0.001,xavier_normal,1,MSELoss(),100,True,test,False,True,1,2000,False,False,False,0.413,17.610291004180908,0.0001
mnist,3,10,1,1,28,784,True,adam,0.001,xavier_normal,1,MSELoss(),100,True,test,False,True,1,2000,False,False,False,0.406,17.661590099334717,5e-05
mnist,3,10,1,1,28,784,True,adam,0.0001,xavier_normal,1,MSELoss(),100,True,test,False,True,1,2000,False,False,False,0.2279999999999999,17.254643201828003,0.001
mnist,3,10,1,1,28,784,True,adam,0.0001,xavier_normal,1,MSELoss(),100,True,test,False,True,1,2000,False,False,False,0.21,14.758144855499268,0.0001
mnist,3,10,1,1,28,784,True,adam,0.0001,xavier_normal,1,MSELoss(),100,True,test,False,True,1,2000,False,False,False,0.213,14.55897831916809,5e-05
mnist,3,10,1,1,28,784,True,adam,5e-05,xavier_normal,1,MSELoss(),100,True,test,False,True,1,2000,False,False,False,0.158,14.654552936553957,0.001
mnist,3,10,1,1,28,784,True,adam,5e-05,xavier_normal,1,MSELoss(),100,True,test,False,True,1,2000,False,False,False,0.145,14.88944149017334,0.0001
mnist,3,10,1,1,28,784,True,adam,5e-05,xavier_normal,1,MSELoss(),100,True,test,False,True,1,2000,False,False,False,0.149,14.721480369567873,5e-05
mnist,3,10,1,1,28,2000,True,adam,0.001,xavier_normal,1,MSELoss(),100,True,test,False,True,1,2000,False,False,False,0.4059999999999999,25.20683717727661,0.001
mnist,3,10,1,1,28,2000,True,adam,0.001,xavier_normal,1,MSELoss(),100,True,test,False,True,1,2000,False,False,False,0.4129999999999999,25.611979484558105,0.0001
mnist,3,10,1,1,28,2000,True,adam,0.001,xavier_normal,1,MSELoss(),100,True,test,False,True,1,2000,False,False,False,0.4139999999999999,25.753751277923584,5e-05
mnist,3,10,1,1,28,2000,True,adam,0.0001,xavier_normal,1,MSELoss(),100,True,test,False,True,1,2000,False,False,False,0.298,26.06249737739563,0.001
mnist,3,10,1,1,28,2000,True,adam,0.0001,xavier_normal,1,MSELoss(),100,True,test,False,True,1,2000,False,False,False,0.28,25.73865818977356,0.0001
mnist,3,10,1,1,28,2000,True,adam,0.0001,xavier_normal,1,MSELoss(),100,True,test,False,True,1,2000,False,False,False,0.2759999999999999,25.344714164733887,5e-05
mnist,3,10,1,1,28,2000,True,adam,5e-05,xavier_normal,1,MSELoss(),100,True,test,False,True,1,2000,False,False,False,0.201,23.48724937438965,0.001
mnist,3,10,1,1,28,2000,True,adam,5e-05,xavier_normal,1,MSELoss(),100,True,test,False,True,1,2000,False,False,False,0.196,23.641984701156616,0.0001
mnist,3,10,1,1,28,2000,True,adam,5e-05,xavier_normal,1,MSELoss(),100,True,test,False,True,1,2000,False,False,False,0.194,25.468672275543213,5e-05
mnist,3,10,10,1,28,784,True,adam,0.001,xavier_normal,1,MSELoss(),100,True,test,False,True,1,2000,False,False,False,0.8040000000000002,76.32698965072632,0.001
mnist,3,10,10,1,28,784,True,adam,0.001,xavier_normal,1,MSELoss(),100,True,test,False,True,1,2000,False,False,False,0.81,79.83100533485413,0.0001
mnist,3,10,10,1,28,784,True,adam,0.001,xavier_normal,1,MSELoss(),100,True,test,False,True,1,2000,False,False,False,0.813,73.27936625480652,5e-05
mnist,3,10,10,1,28,784,True,adam,0.0001,xavier_normal,1,MSELoss(),100,True,test,False,True,1,2000,False,False,False,0.7659999999999999,83.07473254203796,0.001
mnist,3,10,10,1,28,784,True,adam,0.0001,xavier_normal,1,MSELoss(),100,True,test,False,True,1,2000,False,False,False,0.7159999999999997,73.54381895065308,0.0001
mnist,3,10,10,1,28,784,True,adam,0.0001,xavier_normal,1,MSELoss(),100,True,test,False,True,1,2000,False,False,False,0.7079999999999999,90.47914457321168,5e-05
mnist,3,10,10,1,28,784,True,adam,5e-05,xavier_normal,1,MSELoss(),100,True,test,False,True,1,2000,False,False,False,0.7219999999999999,99.76115489006042,0.001
mnist,3,10,10,1,28,784,True,adam,5e-05,xavier_normal,1,MSELoss(),100,True,test,False,True,1,2000,False,False,False,0.6189999999999999,98.9155535697937,0.0001
mnist,3,10,10,1,28,784,True,adam,5e-05,xavier_normal,1,MSELoss(),100,True,test,False,True,1,2000,False,False,False,0.5999999999999999,99.06009817123412,5e-05
mnist,3,10,10,1,28,2000,True,adam,0.001,xavier_normal,1,MSELoss(),100,True,test,False,True,1,2000,False,False,False,0.8030000000000002,122.3117265701294,0.001
mnist,3,10,10,1,28,2000,True,adam,0.001,xavier_normal,1,MSELoss(),100,True,test,False,True,1,2000,False,False,False,0.8220000000000002,121.29029870033264,0.0001
mnist,3,10,10,1,28,2000,True,adam,0.001,xavier_normal,1,MSELoss(),100,True,test,False,True,1,2000,False,False,False,0.8200000000000002,124.26790022850037,5e-05
mnist,3,10,10,1,28,2000,True,adam,0.0001,xavier_normal,1,MSELoss(),100,True,test,False,True,1,2000,False,False,False,0.767,120.099693775177,0.001
mnist,3,10,10,1,28,2000,True,adam,0.0001,xavier_normal,1,MSELoss(),100,True,test,False,True,1,2000,False,False,False,0.7519999999999999,122.83685684204102,0.0001
mnist,3,10,10,1,28,2000,True,adam,0.0001,xavier_normal,1,MSELoss(),100,True,test,False,True,1,2000,False,False,False,0.7480000000000001,121.69175148010254,5e-05
mnist,3,10,10,1,28,2000,True,adam,5e-05,xavier_normal,1,MSELoss(),100,True,test,False,True,1,2000,False,False,False,0.7489999999999999,120.96553635597228,0.001
mnist,3,10,10,1,28,2000,True,adam,5e-05,xavier_normal,1,MSELoss(),100,True,test,False,True,1,2000,False,False,False,0.701,123.04647135734558,0.0001
mnist,3,10,10,1,28,2000,True,adam,5e-05,xavier_normal,1,MSELoss(),100,True,test,False,True,1,2000,False,False,False,0.6919999999999998,123.5903902053833,5e-05
mnist,3,10,50,1,28,784,True,adam,0.001,xavier_normal,1,MSELoss(),100,True,test,False,True,1,2000,False,False,False,0.8850000000000002,470.5951020717621,0.001
mnist,3,10,50,1,28,784,True,adam,0.001,xavier_normal,1,MSELoss(),100,True,test,False,True,1,2000,False,False,False,0.921,462.59377098083496,0.0001
mnist,3,10,50,1,28,784,True,adam,0.001,xavier_normal,1,MSELoss(),100,True,test,False,True,1,2000,False,False,False,0.919,362.8836336135864,5e-05
mnist,3,10,50,1,28,784,True,adam,0.0001,xavier_normal,1,MSELoss(),100,True,test,False,True,1,2000,False,False,False,0.8570000000000002,364.2909104824066,0.001
mnist,3,10,50,1,28,784,True,adam,0.0001,xavier_normal,1,MSELoss(),100,True,test,False,True,1,2000,False,False,False,0.8920000000000001,370.996563911438,0.0001
mnist,3,10,50,1,28,784,True,adam,0.0001,xavier_normal,1,MSELoss(),100,True,test,False,True,1,2000,False,False,False,0.894,388.8837821483612,5e-05
mnist,3,10,50,1,28,784,True,adam,5e-05,xavier_normal,1,MSELoss(),100,True,test,False,True,1,2000,False,False,False,0.8530000000000001,372.62458634376526,0.001
mnist,3,10,50,1,28,784,True,adam,5e-05,xavier_normal,1,MSELoss(),100,True,test,False,True,1,2000,False,False,False,0.8660000000000002,373.1063923835754,0.0001
mnist,3,10,50,1,28,784,True,adam,5e-05,xavier_normal,1,MSELoss(),100,True,test,False,True,1,2000,False,False,False,0.8590000000000002,347.08870482444763,5e-05
mnist,3,10,50,1,28,2000,True,adam,0.001,xavier_normal,1,MSELoss(),100,True,test,False,True,1,2000,False,False,False,0.8989999999999999,481.522741317749,0.001
mnist,3,10,50,1,28,2000,True,adam,0.001,xavier_normal,1,MSELoss(),100,True,test,False,True,1,2000,False,False,False,0.928,506.1877882480621,0.0001
mnist,3,10,50,1,28,2000,True,adam,0.001,xavier_normal,1,MSELoss(),100,True,test,False,True,1,2000,False,False,False,0.927,562.9527430534363,5e-05
mnist,3,10,50,1,28,2000,True,adam,0.0001,xavier_normal,1,MSELoss(),100,True,test,False,True,1,2000,False,False,False,0.8750000000000001,566.013026714325,0.001
mnist,3,10,50,1,28,2000,True,adam,0.0001,xavier_normal,1,MSELoss(),100,True,test,False,True,1,2000,False,False,False,0.904,563.2316391468048,0.0001
mnist,3,10,50,1,28,2000,True,adam,0.0001,xavier_normal,1,MSELoss(),100,True,test,False,True,1,2000,False,False,False,0.9020000000000004,566.7859938144684,5e-05
mnist,3,10,50,1,28,2000,True,adam,5e-05,xavier_normal,1,MSELoss(),100,True,test,False,True,1,2000,False,False,False,0.8670000000000002,566.1786689758301,0.001
mnist,3,10,50,1,28,2000,True,adam,5e-05,xavier_normal,1,MSELoss(),100,True,test,False,True,1,2000,False,False,False,0.877,563.576578617096,0.0001
mnist,3,10,50,1,28,2000,True,adam,5e-05,xavier_normal,1,MSELoss(),100,True,test,False,True,1,2000,False,False,False,0.8700000000000001,570.3791337013245,5e-05
mnist,3,10,100,1,28,784,True,adam,0.001,xavier_normal,1,MSELoss(),100,True,test,False,True,1,2000,False,False,False,0.903,950.532167673111,0.001
mnist,3,10,100,1,28,784,True,adam,0.001,xavier_normal,1,MSELoss(),100,True,test,False,True,1,2000,False,False,False,0.9350000000000004,736.0311846733093,0.0001
mnist,3,10,100,1,28,784,True,adam,0.001,xavier_normal,1,MSELoss(),100,True,test,False,True,1,2000,False,False,False,0.9330000000000002,692.9928758144379,5e-05
mnist,3,10,100,1,28,784,True,adam,0.0001,xavier_normal,1,MSELoss(),100,True,test,False,True,1,2000,False,False,False,0.8800000000000001,703.6395447254181,0.001
mnist,3,10,100,1,28,784,True,adam,0.0001,xavier_normal,1,MSELoss(),100,True,test,False,True,1,2000,False,False,False,0.9160000000000004,730.3066079616547,0.0001
mnist,3,10,100,1,28,784,True,adam,0.0001,xavier_normal,1,MSELoss(),100,True,test,False,True,1,2000,False,False,False,0.9230000000000002,717.8323431015015,5e-05
mnist,3,10,100,1,28,784,True,adam,5e-05,xavier_normal,1,MSELoss(),100,True,test,False,True,1,2000,False,False,False,0.8710000000000002,735.4681718349457,0.001
mnist,3,10,100,1,28,784,True,adam,5e-05,xavier_normal,1,MSELoss(),100,True,test,False,True,1,2000,False,False,False,0.8970000000000004,731.8283443450928,0.0001
mnist,3,10,100,1,28,784,True,adam,5e-05,xavier_normal,1,MSELoss(),100,True,test,False,True,1,2000,False,False,False,0.8920000000000001,723.7591280937195,5e-05
mnist,3,10,100,1,28,2000,True,adam,0.001,xavier_normal,1,MSELoss(),100,True,test,False,True,1,2000,False,False,False,0.906,944.6282060146332,0.001
mnist,3,10,100,1,28,2000,True,adam,0.001,xavier_normal,1,MSELoss(),100,True,test,False,True,1,2000,False,False,False,0.942,1104.3366844654083,0.0001
mnist,3,10,100,1,28,2000,True,adam,0.001,xavier_normal,1,MSELoss(),100,True,test,False,True,1,2000,False,False,False,0.941,1108.7042169570925,5e-05
mnist,3,10,100,1,28,2000,True,adam,0.0001,xavier_normal,1,MSELoss(),100,True,test,False,True,1,2000,False,False,False,0.8790000000000002,1079.7515590190887,0.001
mnist,3,10,100,1,28,2000,True,adam,0.0001,xavier_normal,1,MSELoss(),100,True,test,False,True,1,2000,False,False,False,0.9290000000000002,1091.2290034294128,0.0001
mnist,3,10,100,1,28,2000,True,adam,0.0001,xavier_normal,1,MSELoss(),100,True,test,False,True,1,2000,False,False,False,0.9350000000000002,1090.6777255535126,5e-05
mnist,3,10,100,1,28,2000,True,adam,5e-05,xavier_normal,1,MSELoss(),100,True,test,False,True,1,2000,False,False,False,0.8740000000000003,1089.1868505477903,0.001
mnist,3,10,100,1,28,2000,True,adam,5e-05,xavier_normal,1,MSELoss(),100,True,test,False,True,1,2000,False,False,False,0.9120000000000004,1116.4948542118073,0.0001
mnist,3,10,100,1,28,2000,True,adam,5e-05,xavier_normal,1,MSELoss(),100,True,test,False,True,1,2000,False,False,False,0.914,1091.578428030014,5e-05
mnist,3,10,200,1,28,784,True,adam,0.001,xavier_normal,1,MSELoss(),100,True,test,False,True,1,2000,False,False,False,0.9200000000000002,1839.073126792908,0.001
mnist,3,10,200,1,28,784,True,adam,0.001,xavier_normal,1,MSELoss(),100,True,test,False,True,1,2000,False,False,False,0.941,1416.320279121399,0.0001
mnist,3,10,200,1,28,784,True,adam,0.001,xavier_normal,1,MSELoss(),100,True,test,False,True,1,2000,False,False,False,0.9370000000000002,1419.5054845809937,5e-05
mnist,3,10,200,1,28,784,True,adam,0.0001,xavier_normal,1,MSELoss(),100,True,test,False,True,1,2000,False,False,False,0.8990000000000002,1461.7894926071167,0.001
mnist,3,10,200,1,28,784,True,adam,0.0001,xavier_normal,1,MSELoss(),100,True,test,False,True,1,2000,False,False,False,0.9390000000000002,1408.482628107071,0.0001
mnist,3,10,200,1,28,784,True,adam,0.0001,xavier_normal,1,MSELoss(),100,True,test,False,True,1,2000,False,False,False,0.9410000000000004,1391.0775711536407,5e-05
mnist,3,10,200,1,28,784,True,adam,5e-05,xavier_normal,1,MSELoss(),100,True,test,False,True,1,2000,False,False,False,0.8970000000000001,1403.1442067623138,0.001
mnist,3,10,200,1,28,784,True,adam,5e-05,xavier_normal,1,MSELoss(),100,True,test,False,True,1,2000,False,False,False,0.9270000000000002,1488.4021663665771,0.0001
mnist,3,10,200,1,28,784,True,adam,5e-05,xavier_normal,1,MSELoss(),100,True,test,False,True,1,2000,False,False,False,0.9300000000000004,1882.4786570072167,5e-05
mnist,3,10,200,1,28,2000,True,adam,0.001,xavier_normal,1,MSELoss(),100,True,test,False,True,1,2000,False,False,False,0.9290000000000002,2227.610957384109,0.001
mnist,3,10,200,1,28,2000,True,adam,0.001,xavier_normal,1,MSELoss(),100,True,test,False,True,1,2000,False,False,False,0.926,2224.3225333690643,0.0001
mnist,3,10,200,1,28,2000,True,adam,0.001,xavier_normal,1,MSELoss(),100,True,test,False,True,1,2000,False,False,False,0.9200000000000002,2208.36527299881,5e-05
mnist,3,10,200,1,28,2000,True,adam,0.0001,xavier_normal,1,MSELoss(),100,True,test,False,True,1,2000,False,False,False,0.8940000000000002,2209.090855360031,0.001
mnist,3,10,200,1,28,2000,True,adam,0.0001,xavier_normal,1,MSELoss(),100,True,test,False,True,1,2000,False,False,False,0.954,2193.176565885544,0.0001
mnist,3,10,200,1,28,2000,True,adam,0.0001,xavier_normal,1,MSELoss(),100,True,test,False,True,1,2000,False,False,False,0.9560000000000002,2219.6334059238434,5e-05
mnist,3,10,200,1,28,2000,True,adam,5e-05,xavier_normal,1,MSELoss(),100,True,test,False,True,1,2000,False,False,False,0.8850000000000001,1498.027251958847,0.001
mnist,3,10,200,1,28,2000,True,adam,5e-05,xavier_normal,1,MSELoss(),100,True,test,False,True,1,2000,False,False,False,0.9270000000000002,1325.4230527877808,0.0001
mnist,3,10,200,1,28,2000,True,adam,5e-05,xavier_normal,1,MSELoss(),100,True,test,False,True,1,2000,False,False,False,0.9350000000000002,1331.2353339195251,5e-05
mnist,3,10,300,1,28,784,True,adam,0.001,xavier_normal,1,MSELoss(),100,True,test,False,True,1,2000,False,False,False,0.9270000000000002,1828.2404038906093,0.001
mnist,3,10,300,1,28,784,True,adam,0.001,xavier_normal,1,MSELoss(),100,True,test,False,True,1,2000,False,False,False,0.913,1822.521836042404,0.0001
mnist,3,10,300,1,28,784,True,adam,0.001,xavier_normal,1,MSELoss(),100,True,test,False,True,1,2000,False,False,False,0.907,1765.254201889038,5e-05
mnist,3,10,300,1,28,784,True,adam,0.0001,xavier_normal,1,MSELoss(),100,True,test,False,True,1,2000,False,False,False,0.9030000000000002,1785.929084777832,0.001
mnist,3,10,300,1,28,784,True,adam,0.0001,xavier_normal,1,MSELoss(),100,True,test,False,True,1,2000,False,False,False,0.943,1842.1847722530365,0.0001
mnist,3,10,300,1,28,784,True,adam,0.0001,xavier_normal,1,MSELoss(),100,True,test,False,True,1,2000,False,False,False,0.9510000000000002,1845.890686035156,5e-05
mnist,3,10,300,1,28,784,True,adam,5e-05,xavier_normal,1,MSELoss(),100,True,test,False,True,1,2000,False,False,False,0.8960000000000001,1834.729959964752,0.001
mnist,3,10,300,1,28,784,True,adam,5e-05,xavier_normal,1,MSELoss(),100,True,test,False,True,1,2000,False,False,False,0.9310000000000004,1765.577402591705,0.0001
mnist,3,10,300,1,28,784,True,adam,5e-05,xavier_normal,1,MSELoss(),100,True,test,False,True,1,2000,False,False,False,0.934,1767.004154920578,5e-05
mnist,3,10,300,1,28,2000,True,adam,0.001,xavier_normal,1,MSELoss(),100,True,test,False,True,1,2000,False,False,False,0.931,2003.325944662094,0.001
mnist,3,10,300,1,28,2000,True,adam,0.001,xavier_normal,1,MSELoss(),100,True,test,False,True,1,2000,False,False,False,0.9090000000000004,2019.426656484604,0.0001
mnist,3,10,300,1,28,2000,True,adam,0.001,xavier_normal,1,MSELoss(),100,True,test,False,True,1,2000,False,False,False,0.901,2016.8521494865413,5e-05
mnist,3,10,300,1,28,2000,True,adam,0.0001,xavier_normal,1,MSELoss(),100,True,test,False,True,1,2000,False,False,False,0.9230000000000004,2037.6819853782647,0.001
mnist,3,10,300,1,28,2000,True,adam,0.0001,xavier_normal,1,MSELoss(),100,True,test,False,True,1,2000,False,False,False,0.9660000000000002,2019.5881714820864,0.0001
mnist,3,10,300,1,28,2000,True,adam,0.0001,xavier_normal,1,MSELoss(),100,True,test,False,True,1,2000,False,False,False,0.969,2062.0250194072723,5e-05
mnist,3,10,300,1,28,2000,True,adam,5e-05,xavier_normal,1,MSELoss(),100,True,test,False,True,1,2000,False,False,False,0.914,2016.8133311271667,0.001
mnist,3,10,300,1,28,2000,True,adam,5e-05,xavier_normal,1,MSELoss(),100,True,test,False,True,1,2000,False,False,False,0.9570000000000002,2001.4883704185488,0.0001
mnist,3,10,300,1,28,2000,True,adam,5e-05,xavier_normal,1,MSELoss(),100,True,test,False,True,1,2000,False,False,False,0.9580000000000004,2011.9111251831048,5e-05
mnist,10,10,1,1,28,784,True,adam,0.001,xavier_normal,1,MSELoss(),100,True,test,False,True,1,2000,False,False,False,0.4089999999999999,26.95236587524414,0.001
mnist,10,10,1,1,28,784,True,adam,0.001,xavier_normal,1,MSELoss(),100,True,test,False,True,1,2000,False,False,False,0.402,27.22287678718567,0.0001
mnist,10,10,1,1,28,784,True,adam,0.001,xavier_normal,1,MSELoss(),100,True,test,False,True,1,2000,False,False,False,0.4040000000000001,27.08210301399231,5e-05
mnist,10,10,1,1,28,784,True,adam,0.0001,xavier_normal,1,MSELoss(),100,True,test,False,True,1,2000,False,False,False,0.3859999999999999,26.971274375915527,0.001
mnist,10,10,1,1,28,784,True,adam,0.0001,xavier_normal,1,MSELoss(),100,True,test,False,True,1,2000,False,False,False,0.365,26.982250928878784,0.0001
mnist,10,10,1,1,28,784,True,adam,0.0001,xavier_normal,1,MSELoss(),100,True,test,False,True,1,2000,False,False,False,0.364,26.846466541290283,5e-05
mnist,10,10,1,1,28,784,True,adam,5e-05,xavier_normal,1,MSELoss(),100,True,test,False,True,1,2000,False,False,False,0.305,26.91367220878601,0.001
mnist,10,10,1,1,28,784,True,adam,5e-05,xavier_normal,1,MSELoss(),100,True,test,False,True,1,2000,False,False,False,0.287,26.99775123596192,0.0001
mnist,10,10,1,1,28,784,True,adam,5e-05,xavier_normal,1,MSELoss(),100,True,test,False,True,1,2000,False,False,False,0.284,26.89838719367981,5e-05
mnist,10,10,1,1,28,2000,True,adam,0.001,xavier_normal,1,MSELoss(),100,True,test,False,True,1,2000,False,False,False,0.3979999999999999,38.41254186630249,0.001
mnist,10,10,1,1,28,2000,True,adam,0.001,xavier_normal,1,MSELoss(),100,True,test,False,True,1,2000,False,False,False,0.401,37.41589140892029,0.0001
mnist,10,10,1,1,28,2000,True,adam,0.001,xavier_normal,1,MSELoss(),100,True,test,False,True,1,2000,False,False,False,0.397,37.28752374649048,5e-05
mnist,10,10,1,1,28,2000,True,adam,0.0001,xavier_normal,1,MSELoss(),100,True,test,False,True,1,2000,False,False,False,0.3859999999999999,37.62007808685303,0.001
mnist,10,10,1,1,28,2000,True,adam,0.0001,xavier_normal,1,MSELoss(),100,True,test,False,True,1,2000,False,False,False,0.3889999999999999,41.11584782600403,0.0001
mnist,10,10,1,1,28,2000,True,adam,0.0001,xavier_normal,1,MSELoss(),100,True,test,False,True,1,2000,False,False,False,0.3879999999999999,38.33417797088623,5e-05
mnist,10,10,1,1,28,2000,True,adam,5e-05,xavier_normal,1,MSELoss(),100,True,test,False,True,1,2000,False,False,False,0.357,35.94384026527405,0.001
mnist,10,10,1,1,28,2000,True,adam,5e-05,xavier_normal,1,MSELoss(),100,True,test,False,True,1,2000,False,False,False,0.343,39.84765291213989,0.0001
mnist,10,10,1,1,28,2000,True,adam,5e-05,xavier_normal,1,MSELoss(),100,True,test,False,True,1,2000,False,False,False,0.342,40.269139528274536,5e-05
mnist,10,10,10,1,28,784,True,adam,0.001,xavier_normal,1,MSELoss(),100,True,test,False,True,1,2000,False,False,False,0.7980000000000002,194.88433361053467,0.001
mnist,10,10,10,1,28,784,True,adam,0.001,xavier_normal,1,MSELoss(),100,True,test,False,True,1,2000,False,False,False,0.81,176.69673109054563,0.0001
mnist,10,10,10,1,28,784,True,adam,0.001,xavier_normal,1,MSELoss(),100,True,test,False,True,1,2000,False,False,False,0.8109999999999999,197.3988034725189,5e-05
mnist,10,10,10,1,28,784,True,adam,0.0001,xavier_normal,1,MSELoss(),100,True,test,False,True,1,2000,False,False,False,0.795,180.3953869342804,0.001
mnist,10,10,10,1,28,784,True,adam,0.0001,xavier_normal,1,MSELoss(),100,True,test,False,True,1,2000,False,False,False,0.802,198.39937663078308,0.0001
mnist,10,10,10,1,28,784,True,adam,0.0001,xavier_normal,1,MSELoss(),100,True,test,False,True,1,2000,False,False,False,0.7979999999999999,198.1753370761872,5e-05
mnist,10,10,10,1,28,784,True,adam,5e-05,xavier_normal,1,MSELoss(),100,True,test,False,True,1,2000,False,False,False,0.789,198.7400562763214,0.001
mnist,10,10,10,1,28,784,True,adam,5e-05,xavier_normal,1,MSELoss(),100,True,test,False,True,1,2000,False,False,False,0.7819999999999999,189.2621698379517,0.0001
mnist,10,10,10,1,28,784,True,adam,5e-05,xavier_normal,1,MSELoss(),100,True,test,False,True,1,2000,False,False,False,0.7769999999999999,194.3666305541992,5e-05
mnist,10,10,10,1,28,2000,True,adam,0.001,xavier_normal,1,MSELoss(),100,True,test,False,True,1,2000,False,False,False,0.807,231.5363175868988,0.001
mnist,10,10,10,1,28,2000,True,adam,0.001,xavier_normal,1,MSELoss(),100,True,test,False,True,1,2000,False,False,False,0.8240000000000002,234.5043089389801,0.0001
mnist,10,10,10,1,28,2000,True,adam,0.001,xavier_normal,1,MSELoss(),100,True,test,False,True,1,2000,False,False,False,0.8230000000000001,228.4821057319641,5e-05
mnist,10,10,10,1,28,2000,True,adam,0.0001,xavier_normal,1,MSELoss(),100,True,test,False,True,1,2000,False,False,False,0.789,231.5771849155426,0.001
mnist,10,10,10,1,28,2000,True,adam,0.0001,xavier_normal,1,MSELoss(),100,True,test,False,True,1,2000,False,False,False,0.8120000000000002,224.6821675300598,0.0001
mnist,10,10,10,1,28,2000,True,adam,0.0001,xavier_normal,1,MSELoss(),100,True,test,False,True,1,2000,False,False,False,0.815,226.0852870941162,5e-05
mnist,10,10,10,1,28,2000,True,adam,5e-05,xavier_normal,1,MSELoss(),100,True,test,False,True,1,2000,False,False,False,0.7820000000000001,230.1809422969818,0.001
mnist,10,10,10,1,28,2000,True,adam,5e-05,xavier_normal,1,MSELoss(),100,True,test,False,True,1,2000,False,False,False,0.7879999999999999,226.85168719291687,0.0001
mnist,10,10,10,1,28,2000,True,adam,5e-05,xavier_normal,1,MSELoss(),100,True,test,False,True,1,2000,False,False,False,0.7940000000000002,230.131046295166,5e-05
mnist,10,10,50,1,28,784,True,adam,0.001,xavier_normal,1,MSELoss(),100,True,test,False,True,1,2000,False,False,False,0.884,943.734986782074,0.001
mnist,10,10,50,1,28,784,True,adam,0.001,xavier_normal,1,MSELoss(),100,True,test,False,True,1,2000,False,False,False,0.92,955.5981874465942,0.0001
mnist,10,10,50,1,28,784,True,adam,0.001,xavier_normal,1,MSELoss(),100,True,test,False,True,1,2000,False,False,False,0.925,967.8768525123596,5e-05
mnist,10,10,50,1,28,784,True,adam,0.0001,xavier_normal,1,MSELoss(),100,True,test,False,True,1,2000,False,False,False,0.8740000000000002,938.5562303066254,0.001
mnist,10,10,50,1,28,784,True,adam,0.0001,xavier_normal,1,MSELoss(),100,True,test,False,True,1,2000,False,False,False,0.9110000000000004,958.0682606697084,0.0001
mnist,10,10,50,1,28,784,True,adam,0.0001,xavier_normal,1,MSELoss(),100,True,test,False,True,1,2000,False,False,False,0.914,1029.3342988491058,5e-05
mnist,10,10,50,1,28,784,True,adam,5e-05,xavier_normal,1,MSELoss(),100,True,test,False,True,1,2000,False,False,False,0.8580000000000002,1047.0053353309631,0.001
mnist,10,10,50,1,28,784,True,adam,5e-05,xavier_normal,1,MSELoss(),100,True,test,False,True,1,2000,False,False,False,0.9030000000000002,1064.3959889411926,0.0001
mnist,10,10,50,1,28,784,True,adam,5e-05,xavier_normal,1,MSELoss(),100,True,test,False,True,1,2000,False,False,False,0.9050000000000002,1071.1618857383728,5e-05
mnist,10,10,50,1,28,2000,True,adam,0.001,xavier_normal,1,MSELoss(),100,True,test,False,True,1,2000,False,False,False,0.8880000000000001,1195.258104801178,0.001
mnist,10,10,50,1,28,2000,True,adam,0.001,xavier_normal,1,MSELoss(),100,True,test,False,True,1,2000,False,False,False,0.92,1177.222916841507,0.0001
mnist,10,10,50,1,28,2000,True,adam,0.001,xavier_normal,1,MSELoss(),100,True,test,False,True,1,2000,False,False,False,0.916,1163.8585557937622,5e-05
mnist,10,10,50,1,28,2000,True,adam,0.0001,xavier_normal,1,MSELoss(),100,True,test,False,True,1,2000,False,False,False,0.872,1147.1119627952576,0.001
mnist,10,10,50,1,28,2000,True,adam,0.0001,xavier_normal,1,MSELoss(),100,True,test,False,True,1,2000,False,False,False,0.924,1154.146572113037,0.0001
mnist,10,10,50,1,28,2000,True,adam,0.0001,xavier_normal,1,MSELoss(),100,True,test,False,True,1,2000,False,False,False,0.929,1145.9013571739197,5e-05
mnist,10,10,50,1,28,2000,True,adam,5e-05,xavier_normal,1,MSELoss(),100,True,test,False,True,1,2000,False,False,False,0.8640000000000002,1154.5360012054443,0.001
mnist,10,10,50,1,28,2000,True,adam,5e-05,xavier_normal,1,MSELoss(),100,True,test,False,True,1,2000,False,False,False,0.912,1166.2427017688751,0.0001
mnist,10,10,50,1,28,2000,True,adam,5e-05,xavier_normal,1,MSELoss(),100,True,test,False,True,1,2000,False,False,False,0.9200000000000002,1151.2584795951843,5e-05
mnist,10,10,100,1,28,784,True,adam,0.001,xavier_normal,1,MSELoss(),100,True,test,False,True,1,2000,False,False,False,0.9040000000000002,2024.503578901291,0.001
mnist,10,10,100,1,28,784,True,adam,0.001,xavier_normal,1,MSELoss(),100,True,test,False,True,1,2000,False,False,False,0.9330000000000004,2039.060435295105,0.0001
mnist,10,10,100,1,28,784,True,adam,0.001,xavier_normal,1,MSELoss(),100,True,test,False,True,1,2000,False,False,False,0.9260000000000004,2035.922024726868,5e-05
mnist,10,10,100,1,28,784,True,adam,0.0001,xavier_normal,1,MSELoss(),100,True,test,False,True,1,2000,False,False,False,0.8920000000000003,2017.425169467926,0.001
mnist,10,10,100,1,28,784,True,adam,0.0001,xavier_normal,1,MSELoss(),100,True,test,False,True,1,2000,False,False,False,0.926,2021.112003326416,0.0001
mnist,10,10,100,1,28,784,True,adam,0.0001,xavier_normal,1,MSELoss(),100,True,test,False,True,1,2000,False,False,False,0.941,2000.9079632759087,5e-05
mnist,10,10,100,1,28,784,True,adam,5e-05,xavier_normal,1,MSELoss(),100,True,test,False,True,1,2000,False,False,False,0.8800000000000001,2020.414540052414,0.001
mnist,10,10,100,1,28,784,True,adam,5e-05,xavier_normal,1,MSELoss(),100,True,test,False,True,1,2000,False,False,False,0.915,1972.591285467148,0.0001
mnist,10,10,100,1,28,784,True,adam,5e-05,xavier_normal,1,MSELoss(),100,True,test,False,True,1,2000,False,False,False,0.924,2000.6321506500244,5e-05
mnist,10,10,100,1,28,2000,True,adam,0.001,xavier_normal,1,MSELoss(),100,True,test,False,True,1,2000,False,False,False,0.9060000000000002,2237.18364238739,0.001
mnist,10,10,100,1,28,2000,True,adam,0.001,xavier_normal,1,MSELoss(),100,True,test,False,True,1,2000,False,False,False,0.9250000000000002,2229.441383123398,0.0001
mnist,10,10,100,1,28,2000,True,adam,0.001,xavier_normal,1,MSELoss(),100,True,test,False,True,1,2000,False,False,False,0.912,2253.091367959976,5e-05
mnist,10,10,100,1,28,2000,True,adam,0.0001,xavier_normal,1,MSELoss(),100,True,test,False,True,1,2000,False,False,False,0.894,2258.034327983856,0.001
mnist,10,10,100,1,28,2000,True,adam,0.0001,xavier_normal,1,MSELoss(),100,True,test,False,True,1,2000,False,False,False,0.9370000000000002,2323.8424015045166,0.0001
mnist,10,10,100,1,28,2000,True,adam,0.0001,xavier_normal,1,MSELoss(),100,True,test,False,True,1,2000,False,False,False,0.943,2297.089241504669,5e-05
mnist,10,10,100,1,28,2000,True,adam,5e-05,xavier_normal,1,MSELoss(),100,True,test,False,True,1,2000,False,False,False,0.8850000000000001,2312.6887068748474,0.001
mnist,10,10,100,1,28,2000,True,adam,5e-05,xavier_normal,1,MSELoss(),100,True,test,False,True,1,2000,False,False,False,0.927,2289.9856326580048,0.0001
mnist,10,10,100,1,28,2000,True,adam,5e-05,xavier_normal,1,MSELoss(),100,True,test,False,True,1,2000,False,False,False,0.934,2291.38210606575,5e-05
mnist,10,10,200,1,28,784,True,adam,0.001,xavier_normal,1,MSELoss(),100,True,test,False,True,1,2000,False,False,False,0.9090000000000004,4140.16920208931,0.001
mnist,10,10,200,1,28,784,True,adam,0.001,xavier_normal,1,MSELoss(),100,True,test,False,True,1,2000,False,False,False,0.8980000000000001,4148.572394371033,0.0001
mnist,10,10,200,1,28,784,True,adam,0.001,xavier_normal,1,MSELoss(),100,True,test,False,True,1,2000,False,False,False,0.8870000000000001,4140.026823997498,5e-05
mnist,10,10,200,1,28,784,True,adam,0.0001,xavier_normal,1,MSELoss(),100,True,test,False,True,1,2000,False,False,False,0.907,4138.022790670395,0.001
mnist,10,10,200,1,28,784,True,adam,0.0001,xavier_normal,1,MSELoss(),100,True,test,False,True,1,2000,False,False,False,0.949,4165.997297286987,0.0001
mnist,10,10,200,1,28,784,True,adam,0.0001,xavier_normal,1,MSELoss(),100,True,test,False,True,1,2000,False,False,False,0.948,4169.677522420883,5e-05
mnist,10,10,200,1,28,784,True,adam,5e-05,xavier_normal,1,MSELoss(),100,True,test,False,True,1,2000,False,False,False,0.902,4124.065421581268,0.001
mnist,10,10,200,1,28,784,True,adam,5e-05,xavier_normal,1,MSELoss(),100,True,test,False,True,1,2000,False,False,False,0.943,4154.674800872803,0.0001
mnist,10,10,200,1,28,784,True,adam,5e-05,xavier_normal,1,MSELoss(),100,True,test,False,True,1,2000,False,False,False,0.946,4138.805912971497,5e-05
mnist,10,10,200,1,28,2000,True,adam,0.001,xavier_normal,1,MSELoss(),100,True,test,False,True,1,2000,False,False,False,0.915,4584.6635138988495,0.001
mnist,10,10,200,1,28,2000,True,adam,0.001,xavier_normal,1,MSELoss(),100,True,test,False,True,1,2000,False,False,False,0.8500000000000001,4562.807580709457,0.0001
mnist,10,10,200,1,28,2000,True,adam,0.001,xavier_normal,1,MSELoss(),100,True,test,False,True,1,2000,False,False,False,0.828,4526.933014392853,5e-05
mnist,10,10,200,1,28,2000,True,adam,0.0001,xavier_normal,1,MSELoss(),100,True,test,False,True,1,2000,False,False,False,0.905,4512.184225320816,0.001
mnist,10,10,200,1,28,2000,True,adam,0.0001,xavier_normal,1,MSELoss(),100,True,test,False,True,1,2000,False,False,False,0.9500000000000002,4515.832326889038,0.0001
mnist,10,10,200,1,28,2000,True,adam,0.0001,xavier_normal,1,MSELoss(),100,True,test,False,True,1,2000,False,False,False,0.9530000000000004,4477.776718378067,5e-05
mnist,10,10,200,1,28,2000,True,adam,5e-05,xavier_normal,1,MSELoss(),100,True,test,False,True,1,2000,False,False,False,0.8920000000000001,4552.468512773514,0.001
mnist,10,10,200,1,28,2000,True,adam,5e-05,xavier_normal,1,MSELoss(),100,True,test,False,True,1,2000,False,False,False,0.9440000000000004,4486.937814950943,0.0001
mnist,10,10,200,1,28,2000,True,adam,5e-05,xavier_normal,1,MSELoss(),100,True,test,False,True,1,2000,False,False,False,0.958,4518.5506892204285,5e-05
mnist,10,10,300,1,28,784,True,adam,0.001,xavier_normal,1,MSELoss(),100,True,test,False,True,1,2000,False,False,False,0.9040000000000002,6137.240843296051,0.001
mnist,10,10,300,1,28,784,True,adam,0.001,xavier_normal,1,MSELoss(),100,True,test,False,True,1,2000,False,False,False,0.8360000000000001,6082.833227396011,0.0001
mnist,10,10,300,1,28,784,True,adam,0.001,xavier_normal,1,MSELoss(),100,True,test,False,True,1,2000,False,False,False,0.8220000000000001,6091.341962099075,5e-05
mnist,10,10,300,1,28,784,True,adam,0.0001,xavier_normal,1,MSELoss(),100,True,test,False,True,1,2000,False,False,False,0.9110000000000004,6076.850606441498,0.001
mnist,10,10,300,1,28,784,True,adam,0.0001,xavier_normal,1,MSELoss(),100,True,test,False,True,1,2000,False,False,False,0.95,6140.289110422134,0.0001
mnist,10,10,300,1,28,784,True,adam,0.0001,xavier_normal,1,MSELoss(),100,True,test,False,True,1,2000,False,False,False,0.954,6090.305942296982,5e-05
mnist,10,10,300,1,28,784,True,adam,5e-05,xavier_normal,1,MSELoss(),100,True,test,False,True,1,2000,False,False,False,0.8980000000000002,6097.084306240082,0.001
mnist,10,10,300,1,28,784,True,adam,5e-05,xavier_normal,1,MSELoss(),100,True,test,False,True,1,2000,False,False,False,0.944,6055.674450397492,0.0001
mnist,10,10,300,1,28,784,True,adam,5e-05,xavier_normal,1,MSELoss(),100,True,test,False,True,1,2000,False,False,False,0.953,6086.978306055069,5e-05
mnist,10,10,300,1,28,2000,True,adam,0.001,xavier_normal,1,MSELoss(),100,True,test,False,True,1,2000,False,False,False,0.9210000000000004,6768.466204881668,0.001
mnist,10,10,300,1,28,2000,True,adam,0.001,xavier_normal,1,MSELoss(),100,True,test,False,True,1,2000,False,False,False,0.796,6826.003356218338,0.0001
mnist,10,10,300,1,28,2000,True,adam,0.001,xavier_normal,1,MSELoss(),100,True,test,False,True,1,2000,False,False,False,0.772,6788.9567630290985,5e-05
mnist,10,10,300,1,28,2000,True,adam,0.0001,xavier_normal,1,MSELoss(),100,True,test,False,True,1,2000,False,False,False,0.9320000000000004,6790.3531839847565,0.001
mnist,10,10,300,1,28,2000,True,adam,0.0001,xavier_normal,1,MSELoss(),100,True,test,False,True,1,2000,False,False,False,0.9500000000000002,6871.885556936264,0.0001
mnist,10,10,300,1,28,2000,True,adam,0.0001,xavier_normal,1,MSELoss(),100,True,test,False,True,1,2000,False,False,False,0.961,6778.355581760407,5e-05
mnist,10,10,300,1,28,2000,True,adam,5e-05,xavier_normal,1,MSELoss(),100,True,test,False,True,1,2000,False,False,False,0.9250000000000002,6766.924611091614,0.001
mnist,10,10,300,1,28,2000,True,adam,5e-05,xavier_normal,1,MSELoss(),100,True,test,False,True,1,2000,False,False,False,0.9520000000000002,6788.111418008804,0.0001
mnist,10,10,300,1,28,2000,True,adam,5e-05,xavier_normal,1,MSELoss(),100,True,test,False,True,1,2000,False,False,False,0.965,6791.7271201610565,5e-05
