dataset,epochs,way,train_shot,test_shot,x_dim,z_dim,dld,optimizer,lr,lr_target,initialization,channels,loss,trials,silent,split,in_alphabet,add_rotations,gpu,test_batch,full_test,save_data,table_dataset,accuracy,duration_sec
fashion_mnist,3,10,1,1,28,784,True,adam,0.001,0.001,xavier_normal,1,MSELoss(),100,True,test,False,True,1,2000,False,False,False,0.472,22.51267719268799
fashion_mnist,3,10,1,1,28,784,True,adam,0.001,0.0001,xavier_normal,1,MSELoss(),100,True,test,False,True,1,2000,False,False,False,0.465,14.11522626876831
fashion_mnist,3,10,1,1,28,784,True,adam,0.001,5e-05,xavier_normal,1,MSELoss(),100,True,test,False,True,1,2000,False,False,False,0.4659999999999999,13.557238578796388
fashion_mnist,3,10,1,1,28,784,True,adam,0.0001,0.001,xavier_normal,1,MSELoss(),100,True,test,False,True,1,2000,False,False,False,0.353,13.326578855514526
fashion_mnist,3,10,1,1,28,784,True,adam,0.0001,0.0001,xavier_normal,1,MSELoss(),100,True,test,False,True,1,2000,False,False,False,0.3289999999999999,13.2645423412323
fashion_mnist,3,10,1,1,28,784,True,adam,0.0001,5e-05,xavier_normal,1,MSELoss(),100,True,test,False,True,1,2000,False,False,False,0.3269999999999999,13.200822353363035
fashion_mnist,3,10,1,1,28,784,True,adam,5e-05,0.001,xavier_normal,1,MSELoss(),100,True,test,False,True,1,2000,False,False,False,0.252,13.193665504455566
fashion_mnist,3,10,1,1,28,784,True,adam,5e-05,0.0001,xavier_normal,1,MSELoss(),100,True,test,False,True,1,2000,False,False,False,0.235,13.224127292633057
fashion_mnist,3,10,1,1,28,784,True,adam,5e-05,5e-05,xavier_normal,1,MSELoss(),100,True,test,False,True,1,2000,False,False,False,0.227,14.708630800247192
fashion_mnist,3,10,1,1,28,2000,True,adam,0.001,0.001,xavier_normal,1,MSELoss(),100,True,test,False,True,1,2000,False,False,False,0.47,22.89258480072021
fashion_mnist,3,10,1,1,28,2000,True,adam,0.001,0.0001,xavier_normal,1,MSELoss(),100,True,test,False,True,1,2000,False,False,False,0.472,22.92809629440308
fashion_mnist,3,10,1,1,28,2000,True,adam,0.001,5e-05,xavier_normal,1,MSELoss(),100,True,test,False,True,1,2000,False,False,False,0.47,22.960894107818604
fashion_mnist,3,10,1,1,28,2000,True,adam,0.0001,0.001,xavier_normal,1,MSELoss(),100,True,test,False,True,1,2000,False,False,False,0.379,22.73308634757996
fashion_mnist,3,10,1,1,28,2000,True,adam,0.0001,0.0001,xavier_normal,1,MSELoss(),100,True,test,False,True,1,2000,False,False,False,0.357,22.74485898017884
fashion_mnist,3,10,1,1,28,2000,True,adam,0.0001,5e-05,xavier_normal,1,MSELoss(),100,True,test,False,True,1,2000,False,False,False,0.349,22.765175819396973
fashion_mnist,3,10,1,1,28,2000,True,adam,5e-05,0.001,xavier_normal,1,MSELoss(),100,True,test,False,True,1,2000,False,False,False,0.313,23.89537239074707
fashion_mnist,3,10,1,1,28,2000,True,adam,5e-05,0.0001,xavier_normal,1,MSELoss(),100,True,test,False,True,1,2000,False,False,False,0.2729999999999999,22.364331245422363
fashion_mnist,3,10,1,1,28,2000,True,adam,5e-05,5e-05,xavier_normal,1,MSELoss(),100,True,test,False,True,1,2000,False,False,False,0.267,22.125335216522217
fashion_mnist,3,10,10,1,28,784,True,adam,0.001,0.001,xavier_normal,1,MSELoss(),100,True,test,False,True,1,2000,False,False,False,0.6779999999999998,76.42009019851685
fashion_mnist,3,10,10,1,28,784,True,adam,0.001,0.0001,xavier_normal,1,MSELoss(),100,True,test,False,True,1,2000,False,False,False,0.6589999999999999,73.46735453605652
fashion_mnist,3,10,10,1,28,784,True,adam,0.001,5e-05,xavier_normal,1,MSELoss(),100,True,test,False,True,1,2000,False,False,False,0.6549999999999998,70.93840003013611
fashion_mnist,3,10,10,1,28,784,True,adam,0.0001,0.001,xavier_normal,1,MSELoss(),100,True,test,False,True,1,2000,False,False,False,0.645,72.6038556098938
fashion_mnist,3,10,10,1,28,784,True,adam,0.0001,0.0001,xavier_normal,1,MSELoss(),100,True,test,False,True,1,2000,False,False,False,0.625,67.3202874660492
fashion_mnist,3,10,10,1,28,784,True,adam,0.0001,5e-05,xavier_normal,1,MSELoss(),100,True,test,False,True,1,2000,False,False,False,0.623,64.67848587036133
fashion_mnist,3,10,10,1,28,784,True,adam,5e-05,0.001,xavier_normal,1,MSELoss(),100,True,test,False,True,1,2000,False,False,False,0.633,65.47874426841736
fashion_mnist,3,10,10,1,28,784,True,adam,5e-05,0.0001,xavier_normal,1,MSELoss(),100,True,test,False,True,1,2000,False,False,False,0.5760000000000001,65.08706641197205
fashion_mnist,3,10,10,1,28,784,True,adam,5e-05,5e-05,xavier_normal,1,MSELoss(),100,True,test,False,True,1,2000,False,False,False,0.568,64.88813710212708
fashion_mnist,3,10,10,1,28,2000,True,adam,0.001,0.001,xavier_normal,1,MSELoss(),100,True,test,False,True,1,2000,False,False,False,0.703,80.06741189956665
fashion_mnist,3,10,10,1,28,2000,True,adam,0.001,0.0001,xavier_normal,1,MSELoss(),100,True,test,False,True,1,2000,False,False,False,0.6650000000000001,84.00765657424927
fashion_mnist,3,10,10,1,28,2000,True,adam,0.001,5e-05,xavier_normal,1,MSELoss(),100,True,test,False,True,1,2000,False,False,False,0.652,82.9882173538208
fashion_mnist,3,10,10,1,28,2000,True,adam,0.0001,0.001,xavier_normal,1,MSELoss(),100,True,test,False,True,1,2000,False,False,False,0.6729999999999998,77.45292496681213
fashion_mnist,3,10,10,1,28,2000,True,adam,0.0001,0.0001,xavier_normal,1,MSELoss(),100,True,test,False,True,1,2000,False,False,False,0.645,78.67125344276428
fashion_mnist,3,10,10,1,28,2000,True,adam,0.0001,5e-05,xavier_normal,1,MSELoss(),100,True,test,False,True,1,2000,False,False,False,0.643,78.07479977607727
fashion_mnist,3,10,10,1,28,2000,True,adam,5e-05,0.001,xavier_normal,1,MSELoss(),100,True,test,False,True,1,2000,False,False,False,0.6489999999999999,79.81743931770325
fashion_mnist,3,10,10,1,28,2000,True,adam,5e-05,0.0001,xavier_normal,1,MSELoss(),100,True,test,False,True,1,2000,False,False,False,0.627,79.08776521682739
fashion_mnist,3,10,10,1,28,2000,True,adam,5e-05,5e-05,xavier_normal,1,MSELoss(),100,True,test,False,True,1,2000,False,False,False,0.623,78.25800037384033
fashion_mnist,3,10,50,1,28,784,True,adam,0.001,0.001,xavier_normal,1,MSELoss(),100,True,test,False,True,1,2000,False,False,False,0.7610000000000001,288.09207034111023
fashion_mnist,3,10,50,1,28,784,True,adam,0.001,0.0001,xavier_normal,1,MSELoss(),100,True,test,False,True,1,2000,False,False,False,0.763,303.7494294643402
fashion_mnist,3,10,50,1,28,784,True,adam,0.001,5e-05,xavier_normal,1,MSELoss(),100,True,test,False,True,1,2000,False,False,False,0.7610000000000001,280.4067289829254
fashion_mnist,3,10,50,1,28,784,True,adam,0.0001,0.001,xavier_normal,1,MSELoss(),100,True,test,False,True,1,2000,False,False,False,0.7519999999999999,300.5288269519806
fashion_mnist,3,10,50,1,28,784,True,adam,0.0001,0.0001,xavier_normal,1,MSELoss(),100,True,test,False,True,1,2000,False,False,False,0.763,297.6442759037018
fashion_mnist,3,10,50,1,28,784,True,adam,0.0001,5e-05,xavier_normal,1,MSELoss(),100,True,test,False,True,1,2000,False,False,False,0.7599999999999999,306.5515401363373
fashion_mnist,3,10,50,1,28,784,True,adam,5e-05,0.001,xavier_normal,1,MSELoss(),100,True,test,False,True,1,2000,False,False,False,0.7320000000000002,288.3064363002777
fashion_mnist,3,10,50,1,28,784,True,adam,5e-05,0.0001,xavier_normal,1,MSELoss(),100,True,test,False,True,1,2000,False,False,False,0.7239999999999998,282.46100783348083
fashion_mnist,3,10,50,1,28,784,True,adam,5e-05,5e-05,xavier_normal,1,MSELoss(),100,True,test,False,True,1,2000,False,False,False,0.7169999999999999,297.8930401802063
fashion_mnist,3,10,50,1,28,2000,True,adam,0.001,0.001,xavier_normal,1,MSELoss(),100,True,test,False,True,1,2000,False,False,False,0.7549999999999999,327.9030051231384
fashion_mnist,3,10,50,1,28,2000,True,adam,0.001,0.0001,xavier_normal,1,MSELoss(),100,True,test,False,True,1,2000,False,False,False,0.742,366.40552377700806
fashion_mnist,3,10,50,1,28,2000,True,adam,0.001,5e-05,xavier_normal,1,MSELoss(),100,True,test,False,True,1,2000,False,False,False,0.7340000000000001,345.02229022979736
fashion_mnist,3,10,50,1,28,2000,True,adam,0.0001,0.001,xavier_normal,1,MSELoss(),100,True,test,False,True,1,2000,False,False,False,0.7380000000000001,361.7484338283539
fashion_mnist,3,10,50,1,28,2000,True,adam,0.0001,0.0001,xavier_normal,1,MSELoss(),100,True,test,False,True,1,2000,False,False,False,0.7450000000000001,360.24777698516846
fashion_mnist,3,10,50,1,28,2000,True,adam,0.0001,5e-05,xavier_normal,1,MSELoss(),100,True,test,False,True,1,2000,False,False,False,0.7490000000000002,342.34023547172546
fashion_mnist,3,10,50,1,28,2000,True,adam,5e-05,0.001,xavier_normal,1,MSELoss(),100,True,test,False,True,1,2000,False,False,False,0.7210000000000001,356.9049932956696
fashion_mnist,3,10,50,1,28,2000,True,adam,5e-05,0.0001,xavier_normal,1,MSELoss(),100,True,test,False,True,1,2000,False,False,False,0.7120000000000001,356.5771279335022
fashion_mnist,3,10,50,1,28,2000,True,adam,5e-05,5e-05,xavier_normal,1,MSELoss(),100,True,test,False,True,1,2000,False,False,False,0.7060000000000001,345.7736654281616
fashion_mnist,3,10,100,1,28,784,True,adam,0.001,0.001,xavier_normal,1,MSELoss(),100,True,test,False,True,1,2000,False,False,False,0.7860000000000003,572.7171404361725
fashion_mnist,3,10,100,1,28,784,True,adam,0.001,0.0001,xavier_normal,1,MSELoss(),100,True,test,False,True,1,2000,False,False,False,0.7649999999999999,603.9046628475189
fashion_mnist,3,10,100,1,28,784,True,adam,0.001,5e-05,xavier_normal,1,MSELoss(),100,True,test,False,True,1,2000,False,False,False,0.7550000000000001,612.8692796230316
fashion_mnist,3,10,100,1,28,784,True,adam,0.0001,0.001,xavier_normal,1,MSELoss(),100,True,test,False,True,1,2000,False,False,False,0.791,600.3129901885986
fashion_mnist,3,10,100,1,28,784,True,adam,0.0001,0.0001,xavier_normal,1,MSELoss(),100,True,test,False,True,1,2000,False,False,False,0.794,608.5472865104675
fashion_mnist,3,10,100,1,28,784,True,adam,0.0001,5e-05,xavier_normal,1,MSELoss(),100,True,test,False,True,1,2000,False,False,False,0.7829999999999999,590.2732617855072
fashion_mnist,3,10,100,1,28,784,True,adam,5e-05,0.001,xavier_normal,1,MSELoss(),100,True,test,False,True,1,2000,False,False,False,0.7760000000000001,599.4032154083252
fashion_mnist,3,10,100,1,28,784,True,adam,5e-05,0.0001,xavier_normal,1,MSELoss(),100,True,test,False,True,1,2000,False,False,False,0.773,598.1676495075226
fashion_mnist,3,10,100,1,28,784,True,adam,5e-05,5e-05,xavier_normal,1,MSELoss(),100,True,test,False,True,1,2000,False,False,False,0.7659999999999999,586.8985238075256
fashion_mnist,3,10,100,1,28,2000,True,adam,0.001,0.001,xavier_normal,1,MSELoss(),100,True,test,False,True,1,2000,False,False,False,0.782,686.9861419200897
fashion_mnist,3,10,100,1,28,2000,True,adam,0.001,0.0001,xavier_normal,1,MSELoss(),100,True,test,False,True,1,2000,False,False,False,0.716,675.3758194446564
fashion_mnist,3,10,100,1,28,2000,True,adam,0.001,5e-05,xavier_normal,1,MSELoss(),100,True,test,False,True,1,2000,False,False,False,0.713,654.4213316440582
fashion_mnist,3,10,100,1,28,2000,True,adam,0.0001,0.001,xavier_normal,1,MSELoss(),100,True,test,False,True,1,2000,False,False,False,0.774,663.4659485816956
fashion_mnist,3,10,100,1,28,2000,True,adam,0.0001,0.0001,xavier_normal,1,MSELoss(),100,True,test,False,True,1,2000,False,False,False,0.809,677.7403917312622
fashion_mnist,3,10,100,1,28,2000,True,adam,0.0001,5e-05,xavier_normal,1,MSELoss(),100,True,test,False,True,1,2000,False,False,False,0.7909999999999999,654.7699699401855
fashion_mnist,3,10,100,1,28,2000,True,adam,5e-05,0.001,xavier_normal,1,MSELoss(),100,True,test,False,True,1,2000,False,False,False,0.7609999999999999,667.2817208766937
fashion_mnist,3,10,100,1,28,2000,True,adam,5e-05,0.0001,xavier_normal,1,MSELoss(),100,True,test,False,True,1,2000,False,False,False,0.7930000000000001,668.1479308605194
fashion_mnist,3,10,100,1,28,2000,True,adam,5e-05,5e-05,xavier_normal,1,MSELoss(),100,True,test,False,True,1,2000,False,False,False,0.786,687.2862899303436
fashion_mnist,3,10,200,1,28,784,True,adam,0.001,0.001,xavier_normal,1,MSELoss(),100,True,test,False,True,1,2000,False,False,False,0.7989999999999999,1165.5512037277222
fashion_mnist,3,10,200,1,28,784,True,adam,0.001,0.0001,xavier_normal,1,MSELoss(),100,True,test,False,True,1,2000,False,False,False,0.7469999999999999,1144.3657183647156
fashion_mnist,3,10,200,1,28,784,True,adam,0.001,5e-05,xavier_normal,1,MSELoss(),100,True,test,False,True,1,2000,False,False,False,0.74,1197.2175307273865
fashion_mnist,3,10,200,1,28,784,True,adam,0.0001,0.001,xavier_normal,1,MSELoss(),100,True,test,False,True,1,2000,False,False,False,0.8080000000000002,1141.685007095337
fashion_mnist,3,10,200,1,28,784,True,adam,0.0001,0.0001,xavier_normal,1,MSELoss(),100,True,test,False,True,1,2000,False,False,False,0.828,1201.5754613876345
fashion_mnist,3,10,200,1,28,784,True,adam,0.0001,5e-05,xavier_normal,1,MSELoss(),100,True,test,False,True,1,2000,False,False,False,0.8240000000000001,1218.274262189865
fashion_mnist,3,10,200,1,28,784,True,adam,5e-05,0.001,xavier_normal,1,MSELoss(),100,True,test,False,True,1,2000,False,False,False,0.802,1219.127558708191
fashion_mnist,3,10,200,1,28,784,True,adam,5e-05,0.0001,xavier_normal,1,MSELoss(),100,True,test,False,True,1,2000,False,False,False,0.8170000000000001,1190.2352497577667
fashion_mnist,3,10,200,1,28,784,True,adam,5e-05,5e-05,xavier_normal,1,MSELoss(),100,True,test,False,True,1,2000,False,False,False,0.82,1241.620596408844
fashion_mnist,3,10,200,1,28,2000,True,adam,0.001,0.001,xavier_normal,1,MSELoss(),100,True,test,False,True,1,2000,False,False,False,0.805,1342.0487320423126
fashion_mnist,3,10,200,1,28,2000,True,adam,0.001,0.0001,xavier_normal,1,MSELoss(),100,True,test,False,True,1,2000,False,False,False,0.7360000000000001,1325.3176958560944
fashion_mnist,3,10,200,1,28,2000,True,adam,0.001,5e-05,xavier_normal,1,MSELoss(),100,True,test,False,True,1,2000,False,False,False,0.7240000000000001,1346.397757768631
fashion_mnist,3,10,200,1,28,2000,True,adam,0.0001,0.001,xavier_normal,1,MSELoss(),100,True,test,False,True,1,2000,False,False,False,0.815,1373.1853585243225
fashion_mnist,3,10,200,1,28,2000,True,adam,0.0001,0.0001,xavier_normal,1,MSELoss(),100,True,test,False,True,1,2000,False,False,False,0.8230000000000001,1354.0088939666748
fashion_mnist,3,10,200,1,28,2000,True,adam,0.0001,5e-05,xavier_normal,1,MSELoss(),100,True,test,False,True,1,2000,False,False,False,0.8270000000000001,1380.249167919159
fashion_mnist,3,10,200,1,28,2000,True,adam,5e-05,0.001,xavier_normal,1,MSELoss(),100,True,test,False,True,1,2000,False,False,False,0.8100000000000002,1365.277302980423
fashion_mnist,3,10,200,1,28,2000,True,adam,5e-05,0.0001,xavier_normal,1,MSELoss(),100,True,test,False,True,1,2000,False,False,False,0.8180000000000001,1335.24369931221
fashion_mnist,3,10,200,1,28,2000,True,adam,5e-05,5e-05,xavier_normal,1,MSELoss(),100,True,test,False,True,1,2000,False,False,False,0.8170000000000002,1365.2183668613434
fashion_mnist,3,10,300,1,28,784,True,adam,0.001,0.001,xavier_normal,1,MSELoss(),100,True,test,False,True,1,2000,False,False,False,0.787,1815.2008554935453
fashion_mnist,3,10,300,1,28,784,True,adam,0.001,0.0001,xavier_normal,1,MSELoss(),100,True,test,False,True,1,2000,False,False,False,0.7289999999999999,1825.0586204528809
fashion_mnist,3,10,300,1,28,784,True,adam,0.001,5e-05,xavier_normal,1,MSELoss(),100,True,test,False,True,1,2000,False,False,False,0.7090000000000001,1848.4572277069087
fashion_mnist,3,10,300,1,28,784,True,adam,0.0001,0.001,xavier_normal,1,MSELoss(),100,True,test,False,True,1,2000,False,False,False,0.7929999999999999,1885.205898284912
fashion_mnist,3,10,300,1,28,784,True,adam,0.0001,0.0001,xavier_normal,1,MSELoss(),100,True,test,False,True,1,2000,False,False,False,0.8210000000000001,1777.5820496082306
fashion_mnist,3,10,300,1,28,784,True,adam,0.0001,5e-05,xavier_normal,1,MSELoss(),100,True,test,False,True,1,2000,False,False,False,0.8230000000000001,1838.6005144119265
fashion_mnist,3,10,300,1,28,784,True,adam,5e-05,0.001,xavier_normal,1,MSELoss(),100,True,test,False,True,1,2000,False,False,False,0.797,1832.5482907295227
fashion_mnist,3,10,300,1,28,784,True,adam,5e-05,0.0001,xavier_normal,1,MSELoss(),100,True,test,False,True,1,2000,False,False,False,0.815,1815.9137535095213
fashion_mnist,3,10,300,1,28,784,True,adam,5e-05,5e-05,xavier_normal,1,MSELoss(),100,True,test,False,True,1,2000,False,False,False,0.8210000000000001,1828.2809643745425
fashion_mnist,3,10,300,1,28,2000,True,adam,0.001,0.001,xavier_normal,1,MSELoss(),100,True,test,False,True,1,2000,False,False,False,0.7939999999999999,2003.8895070552824
fashion_mnist,3,10,300,1,28,2000,True,adam,0.001,0.0001,xavier_normal,1,MSELoss(),100,True,test,False,True,1,2000,False,False,False,0.6699999999999998,2005.5192289352417
fashion_mnist,3,10,300,1,28,2000,True,adam,0.001,5e-05,xavier_normal,1,MSELoss(),100,True,test,False,True,1,2000,False,False,False,0.654,2012.7022378444672
fashion_mnist,3,10,300,1,28,2000,True,adam,0.0001,0.001,xavier_normal,1,MSELoss(),100,True,test,False,True,1,2000,False,False,False,0.8070000000000002,2010.3836436271667
fashion_mnist,3,10,300,1,28,2000,True,adam,0.0001,0.0001,xavier_normal,1,MSELoss(),100,True,test,False,True,1,2000,False,False,False,0.83,2021.904193401337
fashion_mnist,3,10,300,1,28,2000,True,adam,0.0001,5e-05,xavier_normal,1,MSELoss(),100,True,test,False,True,1,2000,False,False,False,0.8320000000000001,2010.536819458008
fashion_mnist,3,10,300,1,28,2000,True,adam,5e-05,0.001,xavier_normal,1,MSELoss(),100,True,test,False,True,1,2000,False,False,False,0.799,2013.179071187973
fashion_mnist,3,10,300,1,28,2000,True,adam,5e-05,0.0001,xavier_normal,1,MSELoss(),100,True,test,False,True,1,2000,False,False,False,0.8330000000000003,2022.7789587974548
fashion_mnist,3,10,300,1,28,2000,True,adam,5e-05,5e-05,xavier_normal,1,MSELoss(),100,True,test,False,True,1,2000,False,False,False,0.8320000000000002,2003.119594335556
fashion_mnist,10,10,1,1,28,784,True,adam,0.001,0.001,xavier_normal,1,MSELoss(),100,True,test,False,True,1,2000,False,False,False,0.461,27.772775411605835
fashion_mnist,10,10,1,1,28,784,True,adam,0.001,0.0001,xavier_normal,1,MSELoss(),100,True,test,False,True,1,2000,False,False,False,0.4379999999999999,27.662038803100582
fashion_mnist,10,10,1,1,28,784,True,adam,0.001,5e-05,xavier_normal,1,MSELoss(),100,True,test,False,True,1,2000,False,False,False,0.4379999999999999,27.83551263809204
fashion_mnist,10,10,1,1,28,784,True,adam,0.0001,0.001,xavier_normal,1,MSELoss(),100,True,test,False,True,1,2000,False,False,False,0.4669999999999998,27.92416405677796
fashion_mnist,10,10,1,1,28,784,True,adam,0.0001,0.0001,xavier_normal,1,MSELoss(),100,True,test,False,True,1,2000,False,False,False,0.457,28.33760905265808
fashion_mnist,10,10,1,1,28,784,True,adam,0.0001,5e-05,xavier_normal,1,MSELoss(),100,True,test,False,True,1,2000,False,False,False,0.452,28.3236083984375
fashion_mnist,10,10,1,1,28,784,True,adam,5e-05,0.001,xavier_normal,1,MSELoss(),100,True,test,False,True,1,2000,False,False,False,0.439,27.86090850830078
fashion_mnist,10,10,1,1,28,784,True,adam,5e-05,0.0001,xavier_normal,1,MSELoss(),100,True,test,False,True,1,2000,False,False,False,0.4009999999999999,28.488706827163696
fashion_mnist,10,10,1,1,28,784,True,adam,5e-05,5e-05,xavier_normal,1,MSELoss(),100,True,test,False,True,1,2000,False,False,False,0.3969999999999999,29.30851936340332
fashion_mnist,10,10,1,1,28,2000,True,adam,0.001,0.001,xavier_normal,1,MSELoss(),100,True,test,False,True,1,2000,False,False,False,0.44,37.641916275024414
fashion_mnist,10,10,1,1,28,2000,True,adam,0.001,0.0001,xavier_normal,1,MSELoss(),100,True,test,False,True,1,2000,False,False,False,0.439,37.70173120498657
fashion_mnist,10,10,1,1,28,2000,True,adam,0.001,5e-05,xavier_normal,1,MSELoss(),100,True,test,False,True,1,2000,False,False,False,0.4379999999999999,37.76497197151184
fashion_mnist,10,10,1,1,28,2000,True,adam,0.0001,0.001,xavier_normal,1,MSELoss(),100,True,test,False,True,1,2000,False,False,False,0.477,37.76524710655213
fashion_mnist,10,10,1,1,28,2000,True,adam,0.0001,0.0001,xavier_normal,1,MSELoss(),100,True,test,False,True,1,2000,False,False,False,0.4519999999999999,41.58790826797485
fashion_mnist,10,10,1,1,28,2000,True,adam,0.0001,5e-05,xavier_normal,1,MSELoss(),100,True,test,False,True,1,2000,False,False,False,0.4479999999999999,38.09156894683838
fashion_mnist,10,10,1,1,28,2000,True,adam,5e-05,0.001,xavier_normal,1,MSELoss(),100,True,test,False,True,1,2000,False,False,False,0.457,37.93684196472168
fashion_mnist,10,10,1,1,28,2000,True,adam,5e-05,0.0001,xavier_normal,1,MSELoss(),100,True,test,False,True,1,2000,False,False,False,0.419,38.07097434997559
fashion_mnist,10,10,1,1,28,2000,True,adam,5e-05,5e-05,xavier_normal,1,MSELoss(),100,True,test,False,True,1,2000,False,False,False,0.414,38.11567640304565
fashion_mnist,10,10,10,1,28,784,True,adam,0.001,0.001,xavier_normal,1,MSELoss(),100,True,test,False,True,1,2000,False,False,False,0.6689999999999999,204.14533376693728
fashion_mnist,10,10,10,1,28,784,True,adam,0.001,0.0001,xavier_normal,1,MSELoss(),100,True,test,False,True,1,2000,False,False,False,0.6809999999999999,197.5650429725647
fashion_mnist,10,10,10,1,28,784,True,adam,0.001,5e-05,xavier_normal,1,MSELoss(),100,True,test,False,True,1,2000,False,False,False,0.6839999999999999,195.9295973777771
fashion_mnist,10,10,10,1,28,784,True,adam,0.0001,0.001,xavier_normal,1,MSELoss(),100,True,test,False,True,1,2000,False,False,False,0.6609999999999999,198.667742729187
fashion_mnist,10,10,10,1,28,784,True,adam,0.0001,0.0001,xavier_normal,1,MSELoss(),100,True,test,False,True,1,2000,False,False,False,0.6659999999999999,188.9996259212494
fashion_mnist,10,10,10,1,28,784,True,adam,0.0001,5e-05,xavier_normal,1,MSELoss(),100,True,test,False,True,1,2000,False,False,False,0.6639999999999999,204.2635724544525
fashion_mnist,10,10,10,1,28,784,True,adam,5e-05,0.001,xavier_normal,1,MSELoss(),100,True,test,False,True,1,2000,False,False,False,0.6589999999999999,186.5417623519897
fashion_mnist,10,10,10,1,28,784,True,adam,5e-05,0.0001,xavier_normal,1,MSELoss(),100,True,test,False,True,1,2000,False,False,False,0.655,199.8531436920166
fashion_mnist,10,10,10,1,28,784,True,adam,5e-05,5e-05,xavier_normal,1,MSELoss(),100,True,test,False,True,1,2000,False,False,False,0.6470000000000001,193.66022109985352
fashion_mnist,10,10,10,1,28,2000,True,adam,0.001,0.001,xavier_normal,1,MSELoss(),100,True,test,False,True,1,2000,False,False,False,0.694,230.20907068252563
fashion_mnist,10,10,10,1,28,2000,True,adam,0.001,0.0001,xavier_normal,1,MSELoss(),100,True,test,False,True,1,2000,False,False,False,0.7029999999999998,227.0727517604828
fashion_mnist,10,10,10,1,28,2000,True,adam,0.001,5e-05,xavier_normal,1,MSELoss(),100,True,test,False,True,1,2000,False,False,False,0.694,232.36246180534363
fashion_mnist,10,10,10,1,28,2000,True,adam,0.0001,0.001,xavier_normal,1,MSELoss(),100,True,test,False,True,1,2000,False,False,False,0.694,226.47676491737369
fashion_mnist,10,10,10,1,28,2000,True,adam,0.0001,0.0001,xavier_normal,1,MSELoss(),100,True,test,False,True,1,2000,False,False,False,0.6929999999999998,226.8629314899445
fashion_mnist,10,10,10,1,28,2000,True,adam,0.0001,5e-05,xavier_normal,1,MSELoss(),100,True,test,False,True,1,2000,False,False,False,0.6969999999999997,223.9691071510315
fashion_mnist,10,10,10,1,28,2000,True,adam,5e-05,0.001,xavier_normal,1,MSELoss(),100,True,test,False,True,1,2000,False,False,False,0.688,228.7182126045227
fashion_mnist,10,10,10,1,28,2000,True,adam,5e-05,0.0001,xavier_normal,1,MSELoss(),100,True,test,False,True,1,2000,False,False,False,0.677,225.25900077819824
fashion_mnist,10,10,10,1,28,2000,True,adam,5e-05,5e-05,xavier_normal,1,MSELoss(),100,True,test,False,True,1,2000,False,False,False,0.6679999999999998,227.6937429904937
fashion_mnist,10,10,50,1,28,784,True,adam,0.001,0.001,xavier_normal,1,MSELoss(),100,True,test,False,True,1,2000,False,False,False,0.7689999999999999,1017.6730017662048
fashion_mnist,10,10,50,1,28,784,True,adam,0.001,0.0001,xavier_normal,1,MSELoss(),100,True,test,False,True,1,2000,False,False,False,0.7610000000000002,1031.9781198501587
fashion_mnist,10,10,50,1,28,784,True,adam,0.001,5e-05,xavier_normal,1,MSELoss(),100,True,test,False,True,1,2000,False,False,False,0.7370000000000002,1028.1701216697693
fashion_mnist,10,10,50,1,28,784,True,adam,0.0001,0.001,xavier_normal,1,MSELoss(),100,True,test,False,True,1,2000,False,False,False,0.772,1029.4527351856232
fashion_mnist,10,10,50,1,28,784,True,adam,0.0001,0.0001,xavier_normal,1,MSELoss(),100,True,test,False,True,1,2000,False,False,False,0.8,1051.6198592185974
fashion_mnist,10,10,50,1,28,784,True,adam,0.0001,5e-05,xavier_normal,1,MSELoss(),100,True,test,False,True,1,2000,False,False,False,0.7939999999999999,1013.2109274864196
fashion_mnist,10,10,50,1,28,784,True,adam,5e-05,0.001,xavier_normal,1,MSELoss(),100,True,test,False,True,1,2000,False,False,False,0.764,1009.598177433014
fashion_mnist,10,10,50,1,28,784,True,adam,5e-05,0.0001,xavier_normal,1,MSELoss(),100,True,test,False,True,1,2000,False,False,False,0.7889999999999999,1030.6395909786224
fashion_mnist,10,10,50,1,28,784,True,adam,5e-05,5e-05,xavier_normal,1,MSELoss(),100,True,test,False,True,1,2000,False,False,False,0.7859999999999999,1026.9529812335968
fashion_mnist,10,10,50,1,28,2000,True,adam,0.001,0.001,xavier_normal,1,MSELoss(),100,True,test,False,True,1,2000,False,False,False,0.748,1110.621500492096
fashion_mnist,10,10,50,1,28,2000,True,adam,0.001,0.0001,xavier_normal,1,MSELoss(),100,True,test,False,True,1,2000,False,False,False,0.713,1126.2571086883545
fashion_mnist,10,10,50,1,28,2000,True,adam,0.001,5e-05,xavier_normal,1,MSELoss(),100,True,test,False,True,1,2000,False,False,False,0.7020000000000001,1091.1981019973755
fashion_mnist,10,10,50,1,28,2000,True,adam,0.0001,0.001,xavier_normal,1,MSELoss(),100,True,test,False,True,1,2000,False,False,False,0.758,1108.7384955883026
fashion_mnist,10,10,50,1,28,2000,True,adam,0.0001,0.0001,xavier_normal,1,MSELoss(),100,True,test,False,True,1,2000,False,False,False,0.7690000000000002,1125.6132881641388
fashion_mnist,10,10,50,1,28,2000,True,adam,0.0001,5e-05,xavier_normal,1,MSELoss(),100,True,test,False,True,1,2000,False,False,False,0.774,1120.9719684123993
fashion_mnist,10,10,50,1,28,2000,True,adam,5e-05,0.001,xavier_normal,1,MSELoss(),100,True,test,False,True,1,2000,False,False,False,0.7529999999999998,1138.346783399582
fashion_mnist,10,10,50,1,28,2000,True,adam,5e-05,0.0001,xavier_normal,1,MSELoss(),100,True,test,False,True,1,2000,False,False,False,0.7630000000000001,1111.328192472458
fashion_mnist,10,10,50,1,28,2000,True,adam,5e-05,5e-05,xavier_normal,1,MSELoss(),100,True,test,False,True,1,2000,False,False,False,0.7680000000000001,1118.1273138523102
fashion_mnist,10,10,100,1,28,784,True,adam,0.001,0.001,xavier_normal,1,MSELoss(),100,True,test,False,True,1,2000,False,False,False,0.801,2022.617744922638
fashion_mnist,10,10,100,1,28,784,True,adam,0.001,0.0001,xavier_normal,1,MSELoss(),100,True,test,False,True,1,2000,False,False,False,0.752,2082.0676312446594
fashion_mnist,10,10,100,1,28,784,True,adam,0.001,5e-05,xavier_normal,1,MSELoss(),100,True,test,False,True,1,2000,False,False,False,0.737,2056.334459066391
fashion_mnist,10,10,100,1,28,784,True,adam,0.0001,0.001,xavier_normal,1,MSELoss(),100,True,test,False,True,1,2000,False,False,False,0.796,2058.2226560115814
fashion_mnist,10,10,100,1,28,784,True,adam,0.0001,0.0001,xavier_normal,1,MSELoss(),100,True,test,False,True,1,2000,False,False,False,0.8250000000000003,2087.432151556015
fashion_mnist,10,10,100,1,28,784,True,adam,0.0001,5e-05,xavier_normal,1,MSELoss(),100,True,test,False,True,1,2000,False,False,False,0.8250000000000003,2037.1125798225405
fashion_mnist,10,10,100,1,28,784,True,adam,5e-05,0.001,xavier_normal,1,MSELoss(),100,True,test,False,True,1,2000,False,False,False,0.7980000000000002,2047.3997943401337
fashion_mnist,10,10,100,1,28,784,True,adam,5e-05,0.0001,xavier_normal,1,MSELoss(),100,True,test,False,True,1,2000,False,False,False,0.821,2036.8146286010744
fashion_mnist,10,10,100,1,28,784,True,adam,5e-05,5e-05,xavier_normal,1,MSELoss(),100,True,test,False,True,1,2000,False,False,False,0.809,2006.127229690552
fashion_mnist,10,10,100,1,28,2000,True,adam,0.001,0.001,xavier_normal,1,MSELoss(),100,True,test,False,True,1,2000,False,False,False,0.7740000000000002,2173.084995031357
fashion_mnist,10,10,100,1,28,2000,True,adam,0.001,0.0001,xavier_normal,1,MSELoss(),100,True,test,False,True,1,2000,False,False,False,0.7000000000000002,2200.5403780937195
fashion_mnist,10,10,100,1,28,2000,True,adam,0.001,5e-05,xavier_normal,1,MSELoss(),100,True,test,False,True,1,2000,False,False,False,0.6729999999999999,2219.110058069229
fashion_mnist,10,10,100,1,28,2000,True,adam,0.0001,0.001,xavier_normal,1,MSELoss(),100,True,test,False,True,1,2000,False,False,False,0.7829999999999999,2198.7828571796417
fashion_mnist,10,10,100,1,28,2000,True,adam,0.0001,0.0001,xavier_normal,1,MSELoss(),100,True,test,False,True,1,2000,False,False,False,0.8050000000000002,2227.861698627472
fashion_mnist,10,10,100,1,28,2000,True,adam,0.0001,5e-05,xavier_normal,1,MSELoss(),100,True,test,False,True,1,2000,False,False,False,0.8170000000000002,2223.090004682541
fashion_mnist,10,10,100,1,28,2000,True,adam,5e-05,0.001,xavier_normal,1,MSELoss(),100,True,test,False,True,1,2000,False,False,False,0.782,2217.250258207321
fashion_mnist,10,10,100,1,28,2000,True,adam,5e-05,0.0001,xavier_normal,1,MSELoss(),100,True,test,False,True,1,2000,False,False,False,0.8070000000000002,2228.586441516876
fashion_mnist,10,10,100,1,28,2000,True,adam,5e-05,5e-05,xavier_normal,1,MSELoss(),100,True,test,False,True,1,2000,False,False,False,0.8030000000000002,2246.5135447978973
fashion_mnist,10,10,200,1,28,784,True,adam,0.001,0.001,xavier_normal,1,MSELoss(),100,True,test,False,True,1,2000,False,False,False,0.792,4114.552844762802
fashion_mnist,10,10,200,1,28,784,True,adam,0.001,0.0001,xavier_normal,1,MSELoss(),100,True,test,False,True,1,2000,False,False,False,0.711,4183.279602766037
fashion_mnist,10,10,200,1,28,784,True,adam,0.001,5e-05,xavier_normal,1,MSELoss(),100,True,test,False,True,1,2000,False,False,False,0.6869999999999998,4126.512184619904
fashion_mnist,10,10,200,1,28,784,True,adam,0.0001,0.001,xavier_normal,1,MSELoss(),100,True,test,False,True,1,2000,False,False,False,0.8240000000000001,4080.549065351486
fashion_mnist,10,10,200,1,28,784,True,adam,0.0001,0.0001,xavier_normal,1,MSELoss(),100,True,test,False,True,1,2000,False,False,False,0.8220000000000001,4092.165171146393
fashion_mnist,10,10,200,1,28,784,True,adam,0.0001,5e-05,xavier_normal,1,MSELoss(),100,True,test,False,True,1,2000,False,False,False,0.8210000000000001,4130.083026647568
fashion_mnist,10,10,200,1,28,784,True,adam,5e-05,0.001,xavier_normal,1,MSELoss(),100,True,test,False,True,1,2000,False,False,False,0.812,4130.142001628876
fashion_mnist,10,10,200,1,28,784,True,adam,5e-05,0.0001,xavier_normal,1,MSELoss(),100,True,test,False,True,1,2000,False,False,False,0.8300000000000002,4131.072903871536
fashion_mnist,10,10,200,1,28,784,True,adam,5e-05,5e-05,xavier_normal,1,MSELoss(),100,True,test,False,True,1,2000,False,False,False,0.8330000000000003,4134.2964243888855
fashion_mnist,10,10,200,1,28,2000,True,adam,0.001,0.001,xavier_normal,1,MSELoss(),100,True,test,False,True,1,2000,False,False,False,0.7870000000000001,4442.7110052108765
fashion_mnist,10,10,200,1,28,2000,True,adam,0.001,0.0001,xavier_normal,1,MSELoss(),100,True,test,False,True,1,2000,False,False,False,0.661,4474.7355082035065
fashion_mnist,10,10,200,1,28,2000,True,adam,0.001,5e-05,xavier_normal,1,MSELoss(),100,True,test,False,True,1,2000,False,False,False,0.637,4428.285740852356
fashion_mnist,10,10,200,1,28,2000,True,adam,0.0001,0.001,xavier_normal,1,MSELoss(),100,True,test,False,True,1,2000,False,False,False,0.8210000000000001,4430.695642948151
fashion_mnist,10,10,200,1,28,2000,True,adam,0.0001,0.0001,xavier_normal,1,MSELoss(),100,True,test,False,True,1,2000,False,False,False,0.8240000000000001,4478.286008119583
fashion_mnist,10,10,200,1,28,2000,True,adam,0.0001,5e-05,xavier_normal,1,MSELoss(),100,True,test,False,True,1,2000,False,False,False,0.8300000000000003,4484.036914587021
fashion_mnist,10,10,200,1,28,2000,True,adam,5e-05,0.001,xavier_normal,1,MSELoss(),100,True,test,False,True,1,2000,False,False,False,0.8220000000000001,4465.744454145432
fashion_mnist,10,10,200,1,28,2000,True,adam,5e-05,0.0001,xavier_normal,1,MSELoss(),100,True,test,False,True,1,2000,False,False,False,0.8270000000000001,4483.085222482681
fashion_mnist,10,10,200,1,28,2000,True,adam,5e-05,5e-05,xavier_normal,1,MSELoss(),100,True,test,False,True,1,2000,False,False,False,0.8320000000000002,4470.59680056572
fashion_mnist,10,10,300,1,28,784,True,adam,0.001,0.001,xavier_normal,1,MSELoss(),100,True,test,False,True,1,2000,False,False,False,0.795,6092.735671043396
fashion_mnist,10,10,300,1,28,784,True,adam,0.001,0.0001,xavier_normal,1,MSELoss(),100,True,test,False,True,1,2000,False,False,False,0.6689999999999999,7854.356786251068
fashion_mnist,10,10,300,1,28,784,True,adam,0.001,5e-05,xavier_normal,1,MSELoss(),100,True,test,False,True,1,2000,False,False,False,0.653,7289.028255701065
fashion_mnist,10,10,300,1,28,784,True,adam,0.0001,0.001,xavier_normal,1,MSELoss(),100,True,test,False,True,1,2000,False,False,False,0.8120000000000002,6161.336407899857
fashion_mnist,10,10,300,1,28,784,True,adam,0.0001,0.0001,xavier_normal,1,MSELoss(),100,True,test,False,True,1,2000,False,False,False,0.8210000000000001,6186.002713441849
fashion_mnist,10,10,300,1,28,784,True,adam,0.0001,5e-05,xavier_normal,1,MSELoss(),100,True,test,False,True,1,2000,False,False,False,0.826,6203.007026195526
fashion_mnist,10,10,300,1,28,784,True,adam,5e-05,0.001,xavier_normal,1,MSELoss(),100,True,test,False,True,1,2000,False,False,False,0.8150000000000002,6237.312692403793
fashion_mnist,10,10,300,1,28,784,True,adam,5e-05,0.0001,xavier_normal,1,MSELoss(),100,True,test,False,True,1,2000,False,False,False,0.8250000000000002,6204.863800525665
fashion_mnist,10,10,300,1,28,784,True,adam,5e-05,5e-05,xavier_normal,1,MSELoss(),100,True,test,False,True,1,2000,False,False,False,0.8230000000000003,6216.435534000397
fashion_mnist,10,10,300,1,28,2000,True,adam,0.001,0.001,xavier_normal,1,MSELoss(),100,True,test,False,True,1,2000,False,False,False,0.774,6704.601397514343
fashion_mnist,10,10,300,1,28,2000,True,adam,0.001,0.0001,xavier_normal,1,MSELoss(),100,True,test,False,True,1,2000,False,False,False,0.6339999999999999,6729.977782487869
fashion_mnist,10,10,300,1,28,2000,True,adam,0.001,5e-05,xavier_normal,1,MSELoss(),100,True,test,False,True,1,2000,False,False,False,0.6,6714.597207546234
fashion_mnist,10,10,300,1,28,2000,True,adam,0.0001,0.001,xavier_normal,1,MSELoss(),100,True,test,False,True,1,2000,False,False,False,0.8200000000000002,6744.765049695969
fashion_mnist,10,10,300,1,28,2000,True,adam,0.0001,0.0001,xavier_normal,1,MSELoss(),100,True,test,False,True,1,2000,False,False,False,0.809,6737.298137664795
fashion_mnist,10,10,300,1,28,2000,True,adam,0.0001,5e-05,xavier_normal,1,MSELoss(),100,True,test,False,True,1,2000,False,False,False,0.818,6704.6350219249725
fashion_mnist,10,10,300,1,28,2000,True,adam,5e-05,0.001,xavier_normal,1,MSELoss(),100,True,test,False,True,1,2000,False,False,False,0.8140000000000002,6713.594699859619
fashion_mnist,10,10,300,1,28,2000,True,adam,5e-05,0.0001,xavier_normal,1,MSELoss(),100,True,test,False,True,1,2000,False,False,False,0.8210000000000001,6705.159938573837
fashion_mnist,10,10,300,1,28,2000,True,adam,5e-05,5e-05,xavier_normal,1,MSELoss(),100,True,test,False,True,1,2000,False,False,False,0.8260000000000001,6707.877039432526
