dataset,epochs,way,train_shot,test_shot,dld,optimizer,x_dim,z_dim,lr,initialization,loss,in_alphabet,add_rotations,channels,trials,silent,split,gpu,test_batch,full_test,save_data,table_dataset,accuracy,duration_sec,lr_target
covtype,3,7,1,1,True,adam,54,1000,0.001,xavier_normal,MSELoss(),False,True,1,100,True,train,0,2000,False,False,True,0.2157142857142856,70.12673473358154,0.001
covtype,3,7,1,1,True,adam,54,1000,0.001,xavier_normal,MSELoss(),False,True,1,100,True,train,0,2000,False,False,True,0.2185714285714285,67.35318946838379,0.0001
covtype,3,7,1,1,True,adam,54,1000,0.001,xavier_normal,MSELoss(),False,True,1,100,True,train,0,2000,False,False,True,0.2185714285714285,68.43595671653748,5e-05
covtype,3,7,1,1,True,adam,54,1000,0.0001,xavier_normal,MSELoss(),False,True,1,100,True,train,0,2000,False,False,True,0.1328571428571428,71.38823676109314,0.001
covtype,3,7,1,1,True,adam,54,1000,0.0001,xavier_normal,MSELoss(),False,True,1,100,True,train,0,2000,False,False,True,0.1299999999999999,68.49939823150635,0.0001
covtype,3,7,1,1,True,adam,54,1000,0.0001,xavier_normal,MSELoss(),False,True,1,100,True,train,0,2000,False,False,True,0.1299999999999999,71.30313730239868,5e-05
covtype,3,7,1,1,True,adam,54,1000,5e-05,xavier_normal,MSELoss(),False,True,1,100,True,train,0,2000,False,False,True,0.1271428571428571,68.40707325935364,0.001
covtype,3,7,1,1,True,adam,54,1000,5e-05,xavier_normal,MSELoss(),False,True,1,100,True,train,0,2000,False,False,True,0.1285714285714285,70.38170981407166,0.0001
covtype,3,7,1,1,True,adam,54,1000,5e-05,xavier_normal,MSELoss(),False,True,1,100,True,train,0,2000,False,False,True,0.1285714285714285,69.23259925842285,5e-05
covtype,3,7,1,1,True,adam,54,2000,0.001,xavier_normal,MSELoss(),False,True,1,100,True,train,0,2000,False,False,True,0.2328571428571427,70.20011782646179,0.001
covtype,3,7,1,1,True,adam,54,2000,0.001,xavier_normal,MSELoss(),False,True,1,100,True,train,0,2000,False,False,True,0.2257142857142856,72.77183246612549,0.0001
covtype,3,7,1,1,True,adam,54,2000,0.001,xavier_normal,MSELoss(),False,True,1,100,True,train,0,2000,False,False,True,0.2285714285714285,71.28370428085327,5e-05
covtype,3,7,1,1,True,adam,54,2000,0.0001,xavier_normal,MSELoss(),False,True,1,100,True,train,0,2000,False,False,True,0.1542857142857142,71.42493605613708,0.001
covtype,3,7,1,1,True,adam,54,2000,0.0001,xavier_normal,MSELoss(),False,True,1,100,True,train,0,2000,False,False,True,0.1428571428571428,71.58622550964355,0.0001
covtype,3,7,1,1,True,adam,54,2000,0.0001,xavier_normal,MSELoss(),False,True,1,100,True,train,0,2000,False,False,True,0.1414285714285714,75.2345323562622,5e-05
covtype,3,7,1,1,True,adam,54,2000,5e-05,xavier_normal,MSELoss(),False,True,1,100,True,train,0,2000,False,False,True,0.1457142857142857,77.95374727249146,0.001
covtype,3,7,1,1,True,adam,54,2000,5e-05,xavier_normal,MSELoss(),False,True,1,100,True,train,0,2000,False,False,True,0.1414285714285714,73.92973327636719,0.0001
covtype,3,7,1,1,True,adam,54,2000,5e-05,xavier_normal,MSELoss(),False,True,1,100,True,train,0,2000,False,False,True,0.1371428571428571,69.71261644363403,5e-05
covtype,3,7,10,1,True,adam,54,1000,0.001,xavier_normal,MSELoss(),False,True,1,100,True,train,0,2000,False,False,True,0.4957142857142858,156.72835302352905,0.001
covtype,3,7,10,1,True,adam,54,1000,0.001,xavier_normal,MSELoss(),False,True,1,100,True,train,0,2000,False,False,True,0.4971428571428571,157.7994453907013,0.0001
covtype,3,7,10,1,True,adam,54,1000,0.001,xavier_normal,MSELoss(),False,True,1,100,True,train,0,2000,False,False,True,0.4971428571428571,156.0348882675171,5e-05
covtype,3,7,10,1,True,adam,54,1000,0.0001,xavier_normal,MSELoss(),False,True,1,100,True,train,0,2000,False,False,True,0.2828571428571427,153.63949990272522,0.001
covtype,3,7,10,1,True,adam,54,1000,0.0001,xavier_normal,MSELoss(),False,True,1,100,True,train,0,2000,False,False,True,0.2799999999999999,158.96795010566711,0.0001
covtype,3,7,10,1,True,adam,54,1000,0.0001,xavier_normal,MSELoss(),False,True,1,100,True,train,0,2000,False,False,True,0.2814285714285713,160.3352174758911,5e-05
covtype,3,7,10,1,True,adam,54,1000,5e-05,xavier_normal,MSELoss(),False,True,1,100,True,train,0,2000,False,False,True,0.2099999999999999,159.12404990196228,0.001
covtype,3,7,10,1,True,adam,54,1000,5e-05,xavier_normal,MSELoss(),False,True,1,100,True,train,0,2000,False,False,True,0.2057142857142856,152.4257891178131,0.0001
covtype,3,7,10,1,True,adam,54,1000,5e-05,xavier_normal,MSELoss(),False,True,1,100,True,train,0,2000,False,False,True,0.2042857142857142,160.51183485984802,5e-05
covtype,3,7,10,1,True,adam,54,2000,0.001,xavier_normal,MSELoss(),False,True,1,100,True,train,0,2000,False,False,True,0.4857142857142856,157.38352751731873,0.001
covtype,3,7,10,1,True,adam,54,2000,0.001,xavier_normal,MSELoss(),False,True,1,100,True,train,0,2000,False,False,True,0.4785714285714285,157.85131549835205,0.0001
covtype,3,7,10,1,True,adam,54,2000,0.001,xavier_normal,MSELoss(),False,True,1,100,True,train,0,2000,False,False,True,0.4799999999999999,158.97361779212952,5e-05
covtype,3,7,10,1,True,adam,54,2000,0.0001,xavier_normal,MSELoss(),False,True,1,100,True,train,0,2000,False,False,True,0.3399999999999999,159.6147379875183,0.001
covtype,3,7,10,1,True,adam,54,2000,0.0001,xavier_normal,MSELoss(),False,True,1,100,True,train,0,2000,False,False,True,0.3399999999999999,159.8948073387146,0.0001
covtype,3,7,10,1,True,adam,54,2000,0.0001,xavier_normal,MSELoss(),False,True,1,100,True,train,0,2000,False,False,True,0.3428571428571428,158.51040291786194,5e-05
covtype,3,7,10,1,True,adam,54,2000,5e-05,xavier_normal,MSELoss(),False,True,1,100,True,train,0,2000,False,False,True,0.2614285714285713,157.86986374855042,0.001
covtype,3,7,10,1,True,adam,54,2000,5e-05,xavier_normal,MSELoss(),False,True,1,100,True,train,0,2000,False,False,True,0.2585714285714284,157.33416509628296,0.0001
covtype,3,7,10,1,True,adam,54,2000,5e-05,xavier_normal,MSELoss(),False,True,1,100,True,train,0,2000,False,False,True,0.2599999999999999,160.29653668403623,5e-05
covtype,3,7,50,1,True,adam,54,1000,0.001,xavier_normal,MSELoss(),False,True,1,100,True,train,0,2000,False,False,True,0.6142857142857143,549.2424001693726,0.001
covtype,3,7,50,1,True,adam,54,1000,0.001,xavier_normal,MSELoss(),False,True,1,100,True,train,0,2000,False,False,True,0.6071428571428572,536.6463544368744,0.0001
covtype,3,7,50,1,True,adam,54,1000,0.001,xavier_normal,MSELoss(),False,True,1,100,True,train,0,2000,False,False,True,0.6071428571428572,534.5497896671295,5e-05
covtype,3,7,50,1,True,adam,54,1000,0.0001,xavier_normal,MSELoss(),False,True,1,100,True,train,0,2000,False,False,True,0.5414285714285715,506.379111289978,0.001
covtype,3,7,50,1,True,adam,54,1000,0.0001,xavier_normal,MSELoss(),False,True,1,100,True,train,0,2000,False,False,True,0.5371428571428571,440.91413140296936,0.0001
covtype,3,7,50,1,True,adam,54,1000,0.0001,xavier_normal,MSELoss(),False,True,1,100,True,train,0,2000,False,False,True,0.5357142857142858,442.3521478176117,5e-05
covtype,3,7,50,1,True,adam,54,1000,5e-05,xavier_normal,MSELoss(),False,True,1,100,True,train,0,2000,False,False,True,0.4428571428571428,440.8001666069031,0.001
covtype,3,7,50,1,True,adam,54,1000,5e-05,xavier_normal,MSELoss(),False,True,1,100,True,train,0,2000,False,False,True,0.4328571428571428,441.4701931476593,0.0001
covtype,3,7,50,1,True,adam,54,1000,5e-05,xavier_normal,MSELoss(),False,True,1,100,True,train,0,2000,False,False,True,0.4285714285714285,436.9728713035584,5e-05
covtype,3,7,50,1,True,adam,54,2000,0.001,xavier_normal,MSELoss(),False,True,1,100,True,train,0,2000,False,False,True,0.5914285714285714,442.737441778183,0.001
covtype,3,7,50,1,True,adam,54,2000,0.001,xavier_normal,MSELoss(),False,True,1,100,True,train,0,2000,False,False,True,0.59,433.51787543296814,0.0001
covtype,3,7,50,1,True,adam,54,2000,0.001,xavier_normal,MSELoss(),False,True,1,100,True,train,0,2000,False,False,True,0.59,447.77792096138,5e-05
covtype,3,7,50,1,True,adam,54,2000,0.0001,xavier_normal,MSELoss(),False,True,1,100,True,train,0,2000,False,False,True,0.5485714285714285,443.2614469528198,0.001
covtype,3,7,50,1,True,adam,54,2000,0.0001,xavier_normal,MSELoss(),False,True,1,100,True,train,0,2000,False,False,True,0.5499999999999999,447.9674074649811,0.0001
covtype,3,7,50,1,True,adam,54,2000,0.0001,xavier_normal,MSELoss(),False,True,1,100,True,train,0,2000,False,False,True,0.5499999999999999,445.500702381134,5e-05
covtype,3,7,50,1,True,adam,54,2000,5e-05,xavier_normal,MSELoss(),False,True,1,100,True,train,0,2000,False,False,True,0.4885714285714286,435.255405664444,0.001
covtype,3,7,50,1,True,adam,54,2000,5e-05,xavier_normal,MSELoss(),False,True,1,100,True,train,0,2000,False,False,True,0.4814285714285715,457.8262574672699,0.0001
covtype,3,7,50,1,True,adam,54,2000,5e-05,xavier_normal,MSELoss(),False,True,1,100,True,train,0,2000,False,False,True,0.4771428571428571,452.3731009960175,5e-05
covtype,3,7,100,1,True,adam,54,1000,0.001,xavier_normal,MSELoss(),False,True,1,100,True,train,0,2000,False,False,True,0.6199999999999999,833.1632392406464,0.001
covtype,3,7,100,1,True,adam,54,1000,0.001,xavier_normal,MSELoss(),False,True,1,100,True,train,0,2000,False,False,True,0.6114285714285714,814.9700663089752,0.0001
covtype,3,7,100,1,True,adam,54,1000,0.001,xavier_normal,MSELoss(),False,True,1,100,True,train,0,2000,False,False,True,0.6099999999999999,826.5339822769165,5e-05
covtype,3,7,100,1,True,adam,54,1000,0.0001,xavier_normal,MSELoss(),False,True,1,100,True,train,0,2000,False,False,True,0.5814285714285714,848.3817849159241,0.001
covtype,3,7,100,1,True,adam,54,1000,0.0001,xavier_normal,MSELoss(),False,True,1,100,True,train,0,2000,False,False,True,0.58,851.6274089813232,0.0001
covtype,3,7,100,1,True,adam,54,1000,0.0001,xavier_normal,MSELoss(),False,True,1,100,True,train,0,2000,False,False,True,0.5771428571428572,842.9034445285797,5e-05
covtype,3,7,100,1,True,adam,54,1000,5e-05,xavier_normal,MSELoss(),False,True,1,100,True,train,0,2000,False,False,True,0.5414285714285714,847.0747737884521,0.001
covtype,3,7,100,1,True,adam,54,1000,5e-05,xavier_normal,MSELoss(),False,True,1,100,True,train,0,2000,False,False,True,0.5342857142857143,849.9637200832367,0.0001
covtype,3,7,100,1,True,adam,54,1000,5e-05,xavier_normal,MSELoss(),False,True,1,100,True,train,0,2000,False,False,True,0.5242857142857144,839.7985746860504,5e-05
covtype,3,7,100,1,True,adam,54,2000,0.001,xavier_normal,MSELoss(),False,True,1,100,True,train,0,2000,False,False,True,0.5928571428571429,854.657345533371,0.001
covtype,3,7,100,1,True,adam,54,2000,0.001,xavier_normal,MSELoss(),False,True,1,100,True,train,0,2000,False,False,True,0.5785714285714285,837.3243205547333,0.0001
covtype,3,7,100,1,True,adam,54,2000,0.001,xavier_normal,MSELoss(),False,True,1,100,True,train,0,2000,False,False,True,0.5785714285714285,840.4764287471771,5e-05
covtype,3,7,100,1,True,adam,54,2000,0.0001,xavier_normal,MSELoss(),False,True,1,100,True,train,0,2000,False,False,True,0.5857142857142857,843.5642125606537,0.001
covtype,3,7,100,1,True,adam,54,2000,0.0001,xavier_normal,MSELoss(),False,True,1,100,True,train,0,2000,False,False,True,0.5771428571428572,1153.42142868042,0.0001
covtype,3,7,100,1,True,adam,54,2000,0.0001,xavier_normal,MSELoss(),False,True,1,100,True,train,0,2000,False,False,True,0.5771428571428572,1191.6912202835083,5e-05
covtype,3,7,100,1,True,adam,54,2000,5e-05,xavier_normal,MSELoss(),False,True,1,100,True,train,0,2000,False,False,True,0.5685714285714285,1188.5932426452637,0.001
covtype,3,7,100,1,True,adam,54,2000,5e-05,xavier_normal,MSELoss(),False,True,1,100,True,train,0,2000,False,False,True,0.557142857142857,1188.166217327118,0.0001
covtype,3,7,100,1,True,adam,54,2000,5e-05,xavier_normal,MSELoss(),False,True,1,100,True,train,0,2000,False,False,True,0.5557142857142856,1186.6849462985992,5e-05
covtype,3,7,200,1,True,adam,54,1000,0.001,xavier_normal,MSELoss(),False,True,1,100,True,train,0,2000,False,False,True,0.62,2326.192113161087,0.001
covtype,3,7,200,1,True,adam,54,1000,0.001,xavier_normal,MSELoss(),False,True,1,100,True,train,0,2000,False,False,True,0.6042857142857142,2327.7028794288635,0.0001
covtype,3,7,200,1,True,adam,54,1000,0.001,xavier_normal,MSELoss(),False,True,1,100,True,train,0,2000,False,False,True,0.6014285714285714,2329.817066431045,5e-05
covtype,3,7,200,1,True,adam,54,1000,0.0001,xavier_normal,MSELoss(),False,True,1,100,True,train,0,2000,False,False,True,0.5928571428571429,2313.245584011078,0.001
covtype,3,7,200,1,True,adam,54,1000,0.0001,xavier_normal,MSELoss(),False,True,1,100,True,train,0,2000,False,False,True,0.5871428571428571,2344.566877603531,0.0001
covtype,3,7,200,1,True,adam,54,1000,0.0001,xavier_normal,MSELoss(),False,True,1,100,True,train,0,2000,False,False,True,0.5885714285714286,2334.8234016895294,5e-05
covtype,3,7,200,1,True,adam,54,1000,5e-05,xavier_normal,MSELoss(),False,True,1,100,True,train,0,2000,False,False,True,0.5814285714285714,2330.34499335289,0.001
covtype,3,7,200,1,True,adam,54,1000,5e-05,xavier_normal,MSELoss(),False,True,1,100,True,train,0,2000,False,False,True,0.57,2327.103544473648,0.0001
covtype,3,7,200,1,True,adam,54,1000,5e-05,xavier_normal,MSELoss(),False,True,1,100,True,train,0,2000,False,False,True,0.57,2133.426215171814,5e-05
covtype,3,7,200,1,True,adam,54,2000,0.001,xavier_normal,MSELoss(),False,True,1,100,True,train,0,2000,False,False,True,0.6157142857142858,1671.0862529277802,0.001
covtype,3,7,200,1,True,adam,54,2000,0.001,xavier_normal,MSELoss(),False,True,1,100,True,train,0,2000,False,False,True,0.6085714285714285,1663.7978007793429,0.0001
covtype,3,7,200,1,True,adam,54,2000,0.001,xavier_normal,MSELoss(),False,True,1,100,True,train,0,2000,False,False,True,0.6099999999999999,1663.2772994041443,5e-05
covtype,3,7,200,1,True,adam,54,2000,0.0001,xavier_normal,MSELoss(),False,True,1,100,True,train,0,2000,False,False,True,0.5814285714285714,1635.84126162529,0.001
covtype,3,7,200,1,True,adam,54,2000,0.0001,xavier_normal,MSELoss(),False,True,1,100,True,train,0,2000,False,False,True,0.5728571428571428,1680.4444482326508,0.0001
covtype,3,7,200,1,True,adam,54,2000,0.0001,xavier_normal,MSELoss(),False,True,1,100,True,train,0,2000,False,False,True,0.5742857142857143,1700.892878293991,5e-05
covtype,3,7,200,1,True,adam,54,2000,5e-05,xavier_normal,MSELoss(),False,True,1,100,True,train,0,2000,False,False,True,0.58,1690.7092261314392,0.001
covtype,3,7,200,1,True,adam,54,2000,5e-05,xavier_normal,MSELoss(),False,True,1,100,True,train,0,2000,False,False,True,0.5685714285714285,1678.785252571106,0.0001
covtype,3,7,200,1,True,adam,54,2000,5e-05,xavier_normal,MSELoss(),False,True,1,100,True,train,0,2000,False,False,True,0.5685714285714285,1680.5366644859314,5e-05
covtype,3,7,300,1,True,adam,54,1000,0.001,xavier_normal,MSELoss(),False,True,1,100,True,train,0,2000,False,False,True,0.6528571428571426,2473.506989002228,0.001
covtype,3,7,300,1,True,adam,54,1000,0.001,xavier_normal,MSELoss(),False,True,1,100,True,train,0,2000,False,False,True,0.6371428571428571,2482.9020199775696,0.0001
covtype,3,7,300,1,True,adam,54,1000,0.001,xavier_normal,MSELoss(),False,True,1,100,True,train,0,2000,False,False,True,0.6328571428571428,2492.485036611557,5e-05
covtype,3,7,300,1,True,adam,54,1000,0.0001,xavier_normal,MSELoss(),False,True,1,100,True,train,0,2000,False,False,True,0.5914285714285713,2494.632382392884,0.001
covtype,3,7,300,1,True,adam,54,1000,0.0001,xavier_normal,MSELoss(),False,True,1,100,True,train,0,2000,False,False,True,0.5842857142857142,2492.738101243973,0.0001
covtype,3,7,300,1,True,adam,54,1000,0.0001,xavier_normal,MSELoss(),False,True,1,100,True,train,0,2000,False,False,True,0.5828571428571427,2496.306507587433,5e-05
covtype,3,7,300,1,True,adam,54,1000,5e-05,xavier_normal,MSELoss(),False,True,1,100,True,train,0,2000,False,False,True,0.5728571428571428,2493.399813890457,0.001
covtype,3,7,300,1,True,adam,54,1000,5e-05,xavier_normal,MSELoss(),False,True,1,100,True,train,0,2000,False,False,True,0.5714285714285713,2508.057412385941,0.0001
covtype,3,7,300,1,True,adam,54,1000,5e-05,xavier_normal,MSELoss(),False,True,1,100,True,train,0,2000,False,False,True,0.5714285714285714,3426.498569011688,5e-05
covtype,3,7,300,1,True,adam,54,2000,0.001,xavier_normal,MSELoss(),False,True,1,100,True,train,0,2000,False,False,True,0.6185714285714285,3523.175046682358,0.001
covtype,3,7,300,1,True,adam,54,2000,0.001,xavier_normal,MSELoss(),False,True,1,100,True,train,0,2000,False,False,True,0.6042857142857143,3545.9311141967773,0.0001
covtype,3,7,300,1,True,adam,54,2000,0.001,xavier_normal,MSELoss(),False,True,1,100,True,train,0,2000,False,False,True,0.6014285714285714,3519.7909681797028,5e-05
covtype,3,7,300,1,True,adam,54,2000,0.0001,xavier_normal,MSELoss(),False,True,1,100,True,train,0,2000,False,False,True,0.5942857142857142,3570.399120807648,0.001
covtype,3,7,300,1,True,adam,54,2000,0.0001,xavier_normal,MSELoss(),False,True,1,100,True,train,0,2000,False,False,True,0.5857142857142856,3575.665976762772,0.0001
covtype,3,7,300,1,True,adam,54,2000,0.0001,xavier_normal,MSELoss(),False,True,1,100,True,train,0,2000,False,False,True,0.5842857142857142,3553.056231021881,5e-05
covtype,3,7,300,1,True,adam,54,2000,5e-05,xavier_normal,MSELoss(),False,True,1,100,True,train,0,2000,False,False,True,0.5985714285714286,3547.504245042801,0.001
covtype,3,7,300,1,True,adam,54,2000,5e-05,xavier_normal,MSELoss(),False,True,1,100,True,train,0,2000,False,False,True,0.6,3561.850704908371,0.0001
covtype,3,7,300,1,True,adam,54,2000,5e-05,xavier_normal,MSELoss(),False,True,1,100,True,train,0,2000,False,False,True,0.5971428571428571,3566.83287024498,5e-05
covtype,10,7,1,1,True,adam,54,1000,0.001,xavier_normal,MSELoss(),False,True,1,100,True,train,0,2000,False,False,True,0.2499999999999999,92.87009739875792,0.001
covtype,10,7,1,1,True,adam,54,1000,0.001,xavier_normal,MSELoss(),False,True,1,100,True,train,0,2000,False,False,True,0.2442857142857142,90.6610028743744,0.0001
covtype,10,7,1,1,True,adam,54,1000,0.001,xavier_normal,MSELoss(),False,True,1,100,True,train,0,2000,False,False,True,0.2457142857142856,90.3327202796936,5e-05
covtype,10,7,1,1,True,adam,54,1000,0.0001,xavier_normal,MSELoss(),False,True,1,100,True,train,0,2000,False,False,True,0.1557142857142857,89.96826267242432,0.001
covtype,10,7,1,1,True,adam,54,1000,0.0001,xavier_normal,MSELoss(),False,True,1,100,True,train,0,2000,False,False,True,0.1614285714285714,91.52172040939332,0.0001
covtype,10,7,1,1,True,adam,54,1000,0.0001,xavier_normal,MSELoss(),False,True,1,100,True,train,0,2000,False,False,True,0.1614285714285714,90.01024675369263,5e-05
covtype,10,7,1,1,True,adam,54,1000,5e-05,xavier_normal,MSELoss(),False,True,1,100,True,train,0,2000,False,False,True,0.1442857142857142,91.1297242641449,0.001
covtype,10,7,1,1,True,adam,54,1000,5e-05,xavier_normal,MSELoss(),False,True,1,100,True,train,0,2000,False,False,True,0.1428571428571428,90.3815622329712,0.0001
covtype,10,7,1,1,True,adam,54,1000,5e-05,xavier_normal,MSELoss(),False,True,1,100,True,train,0,2000,False,False,True,0.1414285714285713,88.98768758773804,5e-05
covtype,10,7,1,1,True,adam,54,2000,0.001,xavier_normal,MSELoss(),False,True,1,100,True,train,0,2000,False,False,True,0.2742857142857142,92.47692608833312,0.001
covtype,10,7,1,1,True,adam,54,2000,0.001,xavier_normal,MSELoss(),False,True,1,100,True,train,0,2000,False,False,True,0.2699999999999999,90.946213722229,0.0001
covtype,10,7,1,1,True,adam,54,2000,0.001,xavier_normal,MSELoss(),False,True,1,100,True,train,0,2000,False,False,True,0.2699999999999999,90.5994472503662,5e-05
covtype,10,7,1,1,True,adam,54,2000,0.0001,xavier_normal,MSELoss(),False,True,1,100,True,train,0,2000,False,False,True,0.1942857142857142,90.93958473205566,0.001
covtype,10,7,1,1,True,adam,54,2000,0.0001,xavier_normal,MSELoss(),False,True,1,100,True,train,0,2000,False,False,True,0.1985714285714285,90.53888297080994,0.0001
covtype,10,7,1,1,True,adam,54,2000,0.0001,xavier_normal,MSELoss(),False,True,1,100,True,train,0,2000,False,False,True,0.1971428571428571,92.21792840957642,5e-05
covtype,10,7,1,1,True,adam,54,2000,5e-05,xavier_normal,MSELoss(),False,True,1,100,True,train,0,2000,False,False,True,0.1614285714285714,90.0516254901886,0.001
covtype,10,7,1,1,True,adam,54,2000,5e-05,xavier_normal,MSELoss(),False,True,1,100,True,train,0,2000,False,False,True,0.1614285714285714,90.6040997505188,0.0001
covtype,10,7,1,1,True,adam,54,2000,5e-05,xavier_normal,MSELoss(),False,True,1,100,True,train,0,2000,False,False,True,0.1614285714285714,91.082679271698,5e-05
covtype,10,7,10,1,True,adam,54,1000,0.001,xavier_normal,MSELoss(),False,True,1,100,True,train,0,2000,False,False,True,0.4814285714285715,433.70065569877625,0.001
covtype,10,7,10,1,True,adam,54,1000,0.001,xavier_normal,MSELoss(),False,True,1,100,True,train,0,2000,False,False,True,0.4842857142857143,423.81820130348206,0.0001
covtype,10,7,10,1,True,adam,54,1000,0.001,xavier_normal,MSELoss(),False,True,1,100,True,train,0,2000,False,False,True,0.4842857142857143,417.3549358844757,5e-05
covtype,10,7,10,1,True,adam,54,1000,0.0001,xavier_normal,MSELoss(),False,True,1,100,True,train,0,2000,False,False,True,0.4442857142857142,425.39291048049927,0.001
covtype,10,7,10,1,True,adam,54,1000,0.0001,xavier_normal,MSELoss(),False,True,1,100,True,train,0,2000,False,False,True,0.4457142857142857,428.5474109649658,0.0001
covtype,10,7,10,1,True,adam,54,1000,0.0001,xavier_normal,MSELoss(),False,True,1,100,True,train,0,2000,False,False,True,0.4457142857142856,423.654337644577,5e-05
covtype,10,7,10,1,True,adam,54,1000,5e-05,xavier_normal,MSELoss(),False,True,1,100,True,train,0,2000,False,False,True,0.3557142857142857,413.0317575931549,0.001
covtype,10,7,10,1,True,adam,54,1000,5e-05,xavier_normal,MSELoss(),False,True,1,100,True,train,0,2000,False,False,True,0.3642857142857142,422.6336505413056,0.0001
covtype,10,7,10,1,True,adam,54,1000,5e-05,xavier_normal,MSELoss(),False,True,1,100,True,train,0,2000,False,False,True,0.3628571428571427,417.7773580551148,5e-05
covtype,10,7,10,1,True,adam,54,2000,0.001,xavier_normal,MSELoss(),False,True,1,100,True,train,0,2000,False,False,True,0.48,433.8739120960236,0.001
covtype,10,7,10,1,True,adam,54,2000,0.001,xavier_normal,MSELoss(),False,True,1,100,True,train,0,2000,False,False,True,0.4742857142857142,417.6993455886841,0.0001
covtype,10,7,10,1,True,adam,54,2000,0.001,xavier_normal,MSELoss(),False,True,1,100,True,train,0,2000,False,False,True,0.4742857142857142,418.3978741168976,5e-05
covtype,10,7,10,1,True,adam,54,2000,0.0001,xavier_normal,MSELoss(),False,True,1,100,True,train,0,2000,False,False,True,0.4828571428571427,431.957231760025,0.001
covtype,10,7,10,1,True,adam,54,2000,0.0001,xavier_normal,MSELoss(),False,True,1,100,True,train,0,2000,False,False,True,0.4714285714285713,423.5867397785187,0.0001
covtype,10,7,10,1,True,adam,54,2000,0.0001,xavier_normal,MSELoss(),False,True,1,100,True,train,0,2000,False,False,True,0.4728571428571428,426.18597435951233,5e-05
covtype,10,7,10,1,True,adam,54,2000,5e-05,xavier_normal,MSELoss(),False,True,1,100,True,train,0,2000,False,False,True,0.4171428571428571,426.4482729434967,0.001
covtype,10,7,10,1,True,adam,54,2000,5e-05,xavier_normal,MSELoss(),False,True,1,100,True,train,0,2000,False,False,True,0.4099999999999999,426.7327444553375,0.0001
covtype,10,7,10,1,True,adam,54,2000,5e-05,xavier_normal,MSELoss(),False,True,1,100,True,train,0,2000,False,False,True,0.4114285714285713,435.682156085968,5e-05
covtype,10,7,50,1,True,adam,54,1000,0.001,xavier_normal,MSELoss(),False,True,1,100,True,train,0,2000,False,False,True,0.6257142857142858,1992.3187136650083,0.001
covtype,10,7,50,1,True,adam,54,1000,0.001,xavier_normal,MSELoss(),False,True,1,100,True,train,0,2000,False,False,True,0.6185714285714285,1975.248554944992,0.0001
covtype,10,7,50,1,True,adam,54,1000,0.001,xavier_normal,MSELoss(),False,True,1,100,True,train,0,2000,False,False,True,0.6185714285714285,2500.803634166717,5e-05
covtype,10,7,50,1,True,adam,54,1000,0.0001,xavier_normal,MSELoss(),False,True,1,100,True,train,0,2000,False,False,True,0.6028571428571429,2577.634778499604,0.001
covtype,10,7,50,1,True,adam,54,1000,0.0001,xavier_normal,MSELoss(),False,True,1,100,True,train,0,2000,False,False,True,0.5957142857142856,2012.73375582695,0.0001
covtype,10,7,50,1,True,adam,54,1000,0.0001,xavier_normal,MSELoss(),False,True,1,100,True,train,0,2000,False,False,True,0.5971428571428572,2014.952439069748,5e-05
covtype,10,7,50,1,True,adam,54,1000,5e-05,xavier_normal,MSELoss(),False,True,1,100,True,train,0,2000,False,False,True,0.5842857142857142,2023.9675343036647,0.001
covtype,10,7,50,1,True,adam,54,1000,5e-05,xavier_normal,MSELoss(),False,True,1,100,True,train,0,2000,False,False,True,0.5842857142857142,2051.4799036979675,0.0001
covtype,10,7,50,1,True,adam,54,1000,5e-05,xavier_normal,MSELoss(),False,True,1,100,True,train,0,2000,False,False,True,0.5857142857142857,2047.066688776016,5e-05
covtype,10,7,50,1,True,adam,54,2000,0.001,xavier_normal,MSELoss(),False,True,1,100,True,train,0,2000,False,False,True,0.6,1983.769132614136,0.001
covtype,10,7,50,1,True,adam,54,2000,0.001,xavier_normal,MSELoss(),False,True,1,100,True,train,0,2000,False,False,True,0.6057142857142856,2022.670027732849,0.0001
covtype,10,7,50,1,True,adam,54,2000,0.001,xavier_normal,MSELoss(),False,True,1,100,True,train,0,2000,False,False,True,0.6057142857142856,2059.1924710273743,5e-05
covtype,10,7,50,1,True,adam,54,2000,0.0001,xavier_normal,MSELoss(),False,True,1,100,True,train,0,2000,False,False,True,0.5885714285714285,2060.722216129303,0.001
covtype,10,7,50,1,True,adam,54,2000,0.0001,xavier_normal,MSELoss(),False,True,1,100,True,train,0,2000,False,False,True,0.5942857142857142,2041.3644304275515,0.0001
covtype,10,7,50,1,True,adam,54,2000,0.0001,xavier_normal,MSELoss(),False,True,1,100,True,train,0,2000,False,False,True,0.5942857142857142,2062.505318403244,5e-05
covtype,10,7,50,1,True,adam,54,2000,5e-05,xavier_normal,MSELoss(),False,True,1,100,True,train,0,2000,False,False,True,0.5671428571428571,2059.4121108055115,0.001
covtype,10,7,50,1,True,adam,54,2000,5e-05,xavier_normal,MSELoss(),False,True,1,100,True,train,0,2000,False,False,True,0.5799999999999998,2049.569591283798,0.0001
covtype,10,7,50,1,True,adam,54,2000,5e-05,xavier_normal,MSELoss(),False,True,1,100,True,train,0,2000,False,False,True,0.5799999999999998,2069.493370294571,5e-05
covtype,10,7,100,1,True,adam,54,1000,0.001,xavier_normal,MSELoss(),False,True,1,100,True,train,0,2000,False,False,True,0.6142857142857142,4266.759148836136,0.001
covtype,10,7,100,1,True,adam,54,1000,0.001,xavier_normal,MSELoss(),False,True,1,100,True,train,0,2000,False,False,True,0.5971428571428572,2772.173454761505,0.0001
covtype,10,7,100,1,True,adam,54,1000,0.001,xavier_normal,MSELoss(),False,True,1,100,True,train,0,2000,False,False,True,0.5971428571428572,2797.934571504593,5e-05
covtype,10,7,100,1,True,adam,54,1000,0.0001,xavier_normal,MSELoss(),False,True,1,100,True,train,0,2000,False,False,True,0.6257142857142857,2763.850919485092,0.001
covtype,10,7,100,1,True,adam,54,1000,0.0001,xavier_normal,MSELoss(),False,True,1,100,True,train,0,2000,False,False,True,0.6057142857142856,2758.593527317047,0.0001
covtype,10,7,100,1,True,adam,54,1000,0.0001,xavier_normal,MSELoss(),False,True,1,100,True,train,0,2000,False,False,True,0.6057142857142856,2778.4033370018005,5e-05
covtype,10,7,100,1,True,adam,54,1000,5e-05,xavier_normal,MSELoss(),False,True,1,100,True,train,0,2000,False,False,True,0.6085714285714284,2772.3797900676727,0.001
covtype,10,7,100,1,True,adam,54,1000,5e-05,xavier_normal,MSELoss(),False,True,1,100,True,train,0,2000,False,False,True,0.5885714285714286,2781.503878593445,0.0001
covtype,10,7,100,1,True,adam,54,1000,5e-05,xavier_normal,MSELoss(),False,True,1,100,True,train,0,2000,False,False,True,0.5928571428571429,2779.680986881256,5e-05
covtype,10,7,100,1,True,adam,54,2000,0.001,xavier_normal,MSELoss(),False,True,1,100,True,train,0,2000,False,False,True,0.6142857142857142,2793.0491602420807,0.001
covtype,10,7,100,1,True,adam,54,2000,0.001,xavier_normal,MSELoss(),False,True,1,100,True,train,0,2000,False,False,True,0.5928571428571427,2786.7921512126923,0.0001
covtype,10,7,100,1,True,adam,54,2000,0.001,xavier_normal,MSELoss(),False,True,1,100,True,train,0,2000,False,False,True,0.5914285714285714,2793.859662294388,5e-05
covtype,10,7,100,1,True,adam,54,2000,0.0001,xavier_normal,MSELoss(),False,True,1,100,True,train,0,2000,False,False,True,0.5928571428571427,2783.0672676563263,0.001
covtype,10,7,100,1,True,adam,54,2000,0.0001,xavier_normal,MSELoss(),False,True,1,100,True,train,0,2000,False,False,True,0.5742857142857143,2750.458534479141,0.0001
covtype,10,7,100,1,True,adam,54,2000,0.0001,xavier_normal,MSELoss(),False,True,1,100,True,train,0,2000,False,False,True,0.5757142857142856,2789.063200712204,5e-05
covtype,10,7,100,1,True,adam,54,2000,5e-05,xavier_normal,MSELoss(),False,True,1,100,True,train,0,2000,False,False,True,0.5871428571428571,2772.0870673656464,0.001
covtype,10,7,100,1,True,adam,54,2000,5e-05,xavier_normal,MSELoss(),False,True,1,100,True,train,0,2000,False,False,True,0.58,2765.3032879829407,0.0001
covtype,10,7,100,1,True,adam,54,2000,5e-05,xavier_normal,MSELoss(),False,True,1,100,True,train,0,2000,False,False,True,0.5828571428571429,2746.661182165146,5e-05
covtype,10,7,200,1,True,adam,54,1000,0.001,xavier_normal,MSELoss(),False,True,1,100,True,train,0,2000,False,False,True,0.58,7308.970767736435,0.001
covtype,10,7,200,1,True,adam,54,1000,0.001,xavier_normal,MSELoss(),False,True,1,100,True,train,0,2000,False,False,True,0.5685714285714285,7869.522678136826,0.0001
covtype,10,7,200,1,True,adam,54,1000,0.001,xavier_normal,MSELoss(),False,True,1,100,True,train,0,2000,False,False,True,0.5628571428571427,7904.0008754730225,5e-05
covtype,10,7,200,1,True,adam,54,1000,0.0001,xavier_normal,MSELoss(),False,True,1,100,True,train,0,2000,False,False,True,0.6228571428571429,7905.309425115585,0.001
covtype,10,7,200,1,True,adam,54,1000,0.0001,xavier_normal,MSELoss(),False,True,1,100,True,train,0,2000,False,False,True,0.6071428571428571,7949.807546615601,0.0001
covtype,10,7,200,1,True,adam,54,1000,0.0001,xavier_normal,MSELoss(),False,True,1,100,True,train,0,2000,False,False,True,0.6042857142857142,7958.333861589432,5e-05
covtype,10,7,200,1,True,adam,54,1000,5e-05,xavier_normal,MSELoss(),False,True,1,100,True,train,0,2000,False,False,True,0.6028571428571429,7824.511275053024,0.001
covtype,10,7,200,1,True,adam,54,1000,5e-05,xavier_normal,MSELoss(),False,True,1,100,True,train,0,2000,False,False,True,0.5942857142857143,7831.623340368271,0.0001
covtype,10,7,200,1,True,adam,54,1000,5e-05,xavier_normal,MSELoss(),False,True,1,100,True,train,0,2000,False,False,True,0.5942857142857143,7827.415760278702,5e-05
covtype,10,7,200,1,True,adam,54,2000,0.001,xavier_normal,MSELoss(),False,True,1,100,True,train,0,2000,False,False,True,0.5642857142857143,7922.773453950882,0.001
covtype,10,7,200,1,True,adam,54,2000,0.001,xavier_normal,MSELoss(),False,True,1,100,True,train,0,2000,False,False,True,0.5371428571428571,7831.102873086929,0.0001
covtype,10,7,200,1,True,adam,54,2000,0.001,xavier_normal,MSELoss(),False,True,1,100,True,train,0,2000,False,False,True,0.5414285714285714,7869.442947626114,5e-05
covtype,10,7,200,1,True,adam,54,2000,0.0001,xavier_normal,MSELoss(),False,True,1,100,True,train,0,2000,False,False,True,0.6114285714285714,7900.774332523346,0.001
covtype,10,7,200,1,True,adam,54,2000,0.0001,xavier_normal,MSELoss(),False,True,1,100,True,train,0,2000,False,False,True,0.6,6385.138496398926,0.0001
covtype,10,7,200,1,True,adam,54,2000,0.0001,xavier_normal,MSELoss(),False,True,1,100,True,train,0,2000,False,False,True,0.6,5525.55882191658,5e-05
covtype,10,7,200,1,True,adam,54,2000,5e-05,xavier_normal,MSELoss(),False,True,1,100,True,train,0,2000,False,False,True,0.5957142857142856,5507.76713681221,0.001
covtype,10,7,200,1,True,adam,54,2000,5e-05,xavier_normal,MSELoss(),False,True,1,100,True,train,0,2000,False,False,True,0.59,5504.085421323776,0.0001
covtype,10,7,200,1,True,adam,54,2000,5e-05,xavier_normal,MSELoss(),False,True,1,100,True,train,0,2000,False,False,True,0.587142857142857,5506.093255519867,5e-05
covtype,10,7,300,1,True,adam,54,1000,0.001,xavier_normal,MSELoss(),False,True,1,100,True,train,0,2000,False,False,True,0.5228571428571427,8671.885437250137,0.001
covtype,10,7,300,1,True,adam,54,1000,0.001,xavier_normal,MSELoss(),False,True,1,100,True,train,0,2000,False,False,True,0.4771428571428571,8166.602286815643,0.0001
covtype,10,7,300,1,True,adam,54,1000,0.001,xavier_normal,MSELoss(),False,True,1,100,True,train,0,2000,False,False,True,0.4928571428571427,8195.284140825272,5e-05
covtype,10,7,300,1,True,adam,54,1000,0.0001,xavier_normal,MSELoss(),False,True,1,100,True,train,0,2000,False,False,True,0.6414285714285712,8163.30789899826,0.001
covtype,10,7,300,1,True,adam,54,1000,0.0001,xavier_normal,MSELoss(),False,True,1,100,True,train,0,2000,False,False,True,0.6042857142857142,8209.951642751694,0.0001
covtype,10,7,300,1,True,adam,54,1000,0.0001,xavier_normal,MSELoss(),False,True,1,100,True,train,0,2000,False,False,True,0.6042857142857142,8229.102671146393,5e-05
covtype,10,7,300,1,True,adam,54,1000,5e-05,xavier_normal,MSELoss(),False,True,1,100,True,train,0,2000,False,False,True,0.6114285714285713,8169.8434772491455,0.001
covtype,10,7,300,1,True,adam,54,1000,5e-05,xavier_normal,MSELoss(),False,True,1,100,True,train,0,2000,False,False,True,0.59,8290.503186941147,0.0001
covtype,10,7,300,1,True,adam,54,1000,5e-05,xavier_normal,MSELoss(),False,True,1,100,True,train,0,2000,False,False,True,0.5842857142857142,8299.26052737236,5e-05
covtype,10,7,300,1,True,adam,54,2000,0.001,xavier_normal,MSELoss(),False,True,1,100,True,train,0,2000,False,False,True,0.5128571428571429,8945.490386486053,0.001
covtype,10,7,300,1,True,adam,54,2000,0.001,xavier_normal,MSELoss(),False,True,1,100,True,train,0,2000,False,False,True,0.4971428571428571,11956.28832101822,0.0001
covtype,10,7,300,1,True,adam,54,2000,0.001,xavier_normal,MSELoss(),False,True,1,100,True,train,0,2000,False,False,True,0.4971428571428571,12001.809755325316,5e-05
covtype,10,7,300,1,True,adam,54,2000,0.0001,xavier_normal,MSELoss(),False,True,1,100,True,train,0,2000,False,False,True,0.62,11978.36725139618,0.001
covtype,10,7,300,1,True,adam,54,2000,0.0001,xavier_normal,MSELoss(),False,True,1,100,True,train,0,2000,False,False,True,0.61,12040.099794864656,0.0001
covtype,10,7,300,1,True,adam,54,2000,0.0001,xavier_normal,MSELoss(),False,True,1,100,True,train,0,2000,False,False,True,0.6057142857142856,12039.364044904709,5e-05
covtype,10,7,300,1,True,adam,54,2000,5e-05,xavier_normal,MSELoss(),False,True,1,100,True,train,0,2000,False,False,True,0.59,11964.119642019272,0.001
covtype,10,7,300,1,True,adam,54,2000,5e-05,xavier_normal,MSELoss(),False,True,1,100,True,train,0,2000,False,False,True,0.5942857142857143,12065.31066608429,0.0001
covtype,10,7,300,1,True,adam,54,2000,5e-05,xavier_normal,MSELoss(),False,True,1,100,True,train,0,2000,False,False,True,0.592857142857143,11901.115076065063,5e-05
